"filename", "language", "PHP", "HTML", "Batch", "JSON", "Markdown", "JavaScript", "CSS", "comment", "blank", "total"
"c:\xampp\htdocs\mvc\app\library\fpdf\FAQ.htm", "HTML", 0, 242, 0, 0, 0, 0, 0, 0, 29, 271
"c:\xampp\htdocs\mvc\app\library\fpdf\changelog.htm", "HTML", 0, 183, 0, 0, 0, 0, 0, 0, 1, 184
"c:\xampp\htdocs\mvc\app\library\fpdf\doc\__construct.htm", "HTML", 0, 63, 0, 0, 0, 0, 0, 0, 1, 64
"c:\xampp\htdocs\mvc\app\library\fpdf\doc\acceptpagebreak.htm", "HTML", 0, 60, 0, 0, 0, 0, 0, 0, 4, 64
"c:\xampp\htdocs\mvc\app\library\fpdf\doc\addfont.htm", "HTML", 0, 55, 0, 0, 0, 0, 0, 0, 1, 56
"c:\xampp\htdocs\mvc\app\library\fpdf\doc\addlink.htm", "HTML", 0, 26, 0, 0, 0, 0, 0, 0, 1, 27
"c:\xampp\htdocs\mvc\app\library\fpdf\doc\addpage.htm", "HTML", 0, 61, 0, 0, 0, 0, 0, 0, 1, 62
"c:\xampp\htdocs\mvc\app\library\fpdf\doc\aliasnbpages.htm", "HTML", 0, 44, 0, 0, 0, 0, 0, 0, 2, 46
"c:\xampp\htdocs\mvc\app\library\fpdf\doc\cell.htm", "HTML", 0, 104, 0, 0, 0, 0, 0, 0, 1, 105
"c:\xampp\htdocs\mvc\app\library\fpdf\doc\close.htm", "HTML", 0, 21, 0, 0, 0, 0, 0, 0, 1, 22
"c:\xampp\htdocs\mvc\app\library\fpdf\doc\error.htm", "HTML", 0, 26, 0, 0, 0, 0, 0, 0, 1, 27
"c:\xampp\htdocs\mvc\app\library\fpdf\doc\footer.htm", "HTML", 0, 35, 0, 0, 0, 0, 0, 0, 1, 36
"c:\xampp\htdocs\mvc\app\library\fpdf\doc\getpageheight.htm", "HTML", 0, 18, 0, 0, 0, 0, 0, 0, 1, 19
"c:\xampp\htdocs\mvc\app\library\fpdf\doc\getpagewidth.htm", "HTML", 0, 18, 0, 0, 0, 0, 0, 0, 1, 19
"c:\xampp\htdocs\mvc\app\library\fpdf\doc\getstringwidth.htm", "HTML", 0, 23, 0, 0, 0, 0, 0, 0, 1, 24
"c:\xampp\htdocs\mvc\app\library\fpdf\doc\getx.htm", "HTML", 0, 20, 0, 0, 0, 0, 0, 0, 1, 21
"c:\xampp\htdocs\mvc\app\library\fpdf\doc\gety.htm", "HTML", 0, 20, 0, 0, 0, 0, 0, 0, 1, 21
"c:\xampp\htdocs\mvc\app\library\fpdf\doc\header.htm", "HTML", 0, 37, 0, 0, 0, 0, 0, 0, 1, 38
"c:\xampp\htdocs\mvc\app\library\fpdf\doc\image.htm", "HTML", 0, 99, 0, 0, 0, 0, 0, 0, 1, 100
"c:\xampp\htdocs\mvc\app\library\fpdf\doc\index.htm", "HTML", 0, 59, 0, 0, 0, 0, 0, 0, 1, 60
"c:\xampp\htdocs\mvc\app\library\fpdf\doc\line.htm", "HTML", 0, 38, 0, 0, 0, 0, 0, 0, 1, 39
"c:\xampp\htdocs\mvc\app\library\fpdf\doc\link.htm", "HTML", 0, 46, 0, 0, 0, 0, 0, 0, 1, 47
"c:\xampp\htdocs\mvc\app\library\fpdf\doc\ln.htm", "HTML", 0, 28, 0, 0, 0, 0, 0, 0, 1, 29
"c:\xampp\htdocs\mvc\app\library\fpdf\doc\multicell.htm", "HTML", 0, 76, 0, 0, 0, 0, 0, 0, 1, 77
"c:\xampp\htdocs\mvc\app\library\fpdf\doc\output.htm", "HTML", 0, 55, 0, 0, 0, 0, 0, 0, 1, 56
"c:\xampp\htdocs\mvc\app\library\fpdf\doc\pageno.htm", "HTML", 0, 18, 0, 0, 0, 0, 0, 0, 1, 19
"c:\xampp\htdocs\mvc\app\library\fpdf\doc\rect.htm", "HTML", 0, 48, 0, 0, 0, 0, 0, 0, 1, 49
"c:\xampp\htdocs\mvc\app\library\fpdf\doc\setauthor.htm", "HTML", 0, 33, 0, 0, 0, 0, 0, 0, 1, 34
"c:\xampp\htdocs\mvc\app\library\fpdf\doc\setautopagebreak.htm", "HTML", 0, 33, 0, 0, 0, 0, 0, 0, 1, 34
"c:\xampp\htdocs\mvc\app\library\fpdf\doc\setcompression.htm", "HTML", 0, 31, 0, 0, 0, 0, 0, 0, 1, 32
"c:\xampp\htdocs\mvc\app\library\fpdf\doc\setcreator.htm", "HTML", 0, 34, 0, 0, 0, 0, 0, 0, 1, 35
"c:\xampp\htdocs\mvc\app\library\fpdf\doc\setdisplaymode.htm", "HTML", 0, 45, 0, 0, 0, 0, 0, 0, 1, 46
"c:\xampp\htdocs\mvc\app\library\fpdf\doc\setdrawcolor.htm", "HTML", 0, 41, 0, 0, 0, 0, 0, 0, 1, 42
"c:\xampp\htdocs\mvc\app\library\fpdf\doc\setfillcolor.htm", "HTML", 0, 40, 0, 0, 0, 0, 0, 0, 1, 41
"c:\xampp\htdocs\mvc\app\library\fpdf\doc\setfont.htm", "HTML", 0, 91, 0, 0, 0, 0, 0, 0, 1, 92
"c:\xampp\htdocs\mvc\app\library\fpdf\doc\setfontsize.htm", "HTML", 0, 25, 0, 0, 0, 0, 0, 0, 1, 26
"c:\xampp\htdocs\mvc\app\library\fpdf\doc\setkeywords.htm", "HTML", 0, 33, 0, 0, 0, 0, 0, 0, 1, 34
"c:\xampp\htdocs\mvc\app\library\fpdf\doc\setleftmargin.htm", "HTML", 0, 30, 0, 0, 0, 0, 0, 0, 1, 31
"c:\xampp\htdocs\mvc\app\library\fpdf\doc\setlinewidth.htm", "HTML", 0, 29, 0, 0, 0, 0, 0, 0, 1, 30
"c:\xampp\htdocs\mvc\app\library\fpdf\doc\setlink.htm", "HTML", 0, 34, 0, 0, 0, 0, 0, 0, 1, 35
"c:\xampp\htdocs\mvc\app\library\fpdf\doc\setmargins.htm", "HTML", 0, 37, 0, 0, 0, 0, 0, 0, 1, 38
"c:\xampp\htdocs\mvc\app\library\fpdf\doc\setrightmargin.htm", "HTML", 0, 28, 0, 0, 0, 0, 0, 0, 1, 29
"c:\xampp\htdocs\mvc\app\library\fpdf\doc\setsubject.htm", "HTML", 0, 33, 0, 0, 0, 0, 0, 0, 1, 34
"c:\xampp\htdocs\mvc\app\library\fpdf\doc\settextcolor.htm", "HTML", 0, 40, 0, 0, 0, 0, 0, 0, 1, 41
"c:\xampp\htdocs\mvc\app\library\fpdf\doc\settitle.htm", "HTML", 0, 33, 0, 0, 0, 0, 0, 0, 1, 34
"c:\xampp\htdocs\mvc\app\library\fpdf\doc\settopmargin.htm", "HTML", 0, 28, 0, 0, 0, 0, 0, 0, 1, 29
"c:\xampp\htdocs\mvc\app\library\fpdf\doc\setx.htm", "HTML", 0, 29, 0, 0, 0, 0, 0, 0, 1, 30
"c:\xampp\htdocs\mvc\app\library\fpdf\doc\setxy.htm", "HTML", 0, 31, 0, 0, 0, 0, 0, 0, 1, 32
"c:\xampp\htdocs\mvc\app\library\fpdf\doc\sety.htm", "HTML", 0, 33, 0, 0, 0, 0, 0, 0, 1, 34
"c:\xampp\htdocs\mvc\app\library\fpdf\doc\text.htm", "HTML", 0, 39, 0, 0, 0, 0, 0, 0, 1, 40
"c:\xampp\htdocs\mvc\app\library\fpdf\doc\write.htm", "HTML", 0, 51, 0, 0, 0, 0, 0, 0, 1, 52
"c:\xampp\htdocs\mvc\app\library\fpdf\font\courier.php", "PHP", 10, 0, 0, 0, 0, 0, 0, 0, 1, 11
"c:\xampp\htdocs\mvc\app\library\fpdf\font\courierb.php", "PHP", 10, 0, 0, 0, 0, 0, 0, 0, 1, 11
"c:\xampp\htdocs\mvc\app\library\fpdf\font\courierbi.php", "PHP", 10, 0, 0, 0, 0, 0, 0, 0, 1, 11
"c:\xampp\htdocs\mvc\app\library\fpdf\font\courieri.php", "PHP", 10, 0, 0, 0, 0, 0, 0, 0, 1, 11
"c:\xampp\htdocs\mvc\app\library\fpdf\font\helvetica.php", "PHP", 21, 0, 0, 0, 0, 0, 0, 0, 1, 22
"c:\xampp\htdocs\mvc\app\library\fpdf\font\helveticab.php", "PHP", 21, 0, 0, 0, 0, 0, 0, 0, 1, 22
"c:\xampp\htdocs\mvc\app\library\fpdf\font\helveticabi.php", "PHP", 21, 0, 0, 0, 0, 0, 0, 0, 1, 22
"c:\xampp\htdocs\mvc\app\library\fpdf\font\helveticai.php", "PHP", 21, 0, 0, 0, 0, 0, 0, 0, 1, 22
"c:\xampp\htdocs\mvc\app\library\fpdf\font\symbol.php", "PHP", 20, 0, 0, 0, 0, 0, 0, 0, 1, 21
"c:\xampp\htdocs\mvc\app\library\fpdf\font\times.php", "PHP", 21, 0, 0, 0, 0, 0, 0, 0, 1, 22
"c:\xampp\htdocs\mvc\app\library\fpdf\font\timesb.php", "PHP", 21, 0, 0, 0, 0, 0, 0, 0, 1, 22
"c:\xampp\htdocs\mvc\app\library\fpdf\font\timesbi.php", "PHP", 21, 0, 0, 0, 0, 0, 0, 0, 1, 22
"c:\xampp\htdocs\mvc\app\library\fpdf\font\timesi.php", "PHP", 21, 0, 0, 0, 0, 0, 0, 0, 1, 22
"c:\xampp\htdocs\mvc\app\library\fpdf\font\zapfdingbats.php", "PHP", 20, 0, 0, 0, 0, 0, 0, 0, 1, 21
"c:\xampp\htdocs\mvc\app\library\fpdf\fpdf.css", "CSS", 0, 0, 0, 0, 0, 0, 21, 0, 1, 22
"c:\xampp\htdocs\mvc\app\library\fpdf\fpdf.php", "PHP", 1672, 0, 0, 0, 0, 0, 0, 167, 97, 1936
"c:\xampp\htdocs\mvc\app\library\fpdf\makefont\makefont.php", "PHP", 401, 0, 0, 0, 0, 0, 0, 23, 24, 448
"c:\xampp\htdocs\mvc\app\library\fpdf\makefont\ttfparser.php", "PHP", 648, 0, 0, 0, 0, 0, 0, 21, 46, 715
"c:\xampp\htdocs\mvc\app\library\fpdf\tutorial\CevicheOne-Regular.php", "PHP", 25, 0, 0, 0, 0, 0, 0, 0, 1, 26
"c:\xampp\htdocs\mvc\app\library\fpdf\tutorial\index.htm", "HTML", 0, 20, 0, 0, 0, 0, 0, 0, 1, 21
"c:\xampp\htdocs\mvc\app\library\fpdf\tutorial\makefont.php", "PHP", 4, 0, 0, 0, 0, 0, 0, 1, 2, 7
"c:\xampp\htdocs\mvc\app\library\fpdf\tutorial\tuto1.htm", "HTML", 0, 75, 0, 0, 0, 0, 0, 0, 2, 77
"c:\xampp\htdocs\mvc\app\library\fpdf\tutorial\tuto1.php", "PHP", 8, 0, 0, 0, 0, 0, 0, 0, 2, 10
"c:\xampp\htdocs\mvc\app\library\fpdf\tutorial\tuto2.htm", "HTML", 0, 77, 0, 0, 0, 0, 0, 0, 4, 81
"c:\xampp\htdocs\mvc\app\library\fpdf\tutorial\tuto2.php", "PHP", 27, 0, 0, 0, 0, 0, 0, 11, 4, 42
"c:\xampp\htdocs\mvc\app\library\fpdf\tutorial\tuto3.htm", "HTML", 0, 108, 0, 0, 0, 0, 0, 0, 8, 116
"c:\xampp\htdocs\mvc\app\library\fpdf\tutorial\tuto3.php", "PHP", 55, 0, 0, 0, 0, 0, 0, 19, 8, 82
"c:\xampp\htdocs\mvc\app\library\fpdf\tutorial\tuto4.htm", "HTML", 0, 122, 0, 0, 0, 0, 0, 0, 11, 133
"c:\xampp\htdocs\mvc\app\library\fpdf\tutorial\tuto4.php", "PHP", 81, 0, 0, 0, 0, 0, 0, 18, 11, 110
"c:\xampp\htdocs\mvc\app\library\fpdf\tutorial\tuto5.htm", "HTML", 0, 129, 0, 0, 0, 0, 0, 0, 6, 135
"c:\xampp\htdocs\mvc\app\library\fpdf\tutorial\tuto5.php", "PHP", 79, 0, 0, 0, 0, 0, 0, 18, 6, 103
"c:\xampp\htdocs\mvc\app\library\fpdf\tutorial\tuto6.htm", "HTML", 0, 146, 0, 0, 0, 0, 0, 0, 9, 155
"c:\xampp\htdocs\mvc\app\library\fpdf\tutorial\tuto6.php", "PHP", 95, 0, 0, 0, 0, 0, 0, 10, 9, 114
"c:\xampp\htdocs\mvc\app\library\fpdf\tutorial\tuto7.htm", "HTML", 0, 176, 0, 0, 0, 0, 0, 0, 7, 183
"c:\xampp\htdocs\mvc\app\library\fpdf\tutorial\tuto7.php", "PHP", 10, 0, 0, 0, 0, 0, 0, 0, 2, 12
"c:\xampp\htdocs\mvc\app\library\selenium\composer.json", "JSON", 0, 0, 0, 5, 0, 0, 0, 0, 1, 6
"c:\xampp\htdocs\mvc\app\library\selenium\composer.lock", "JSON", 0, 0, 0, 229, 0, 0, 0, 0, 1, 230
"c:\xampp\htdocs\mvc\app\library\selenium\cp.bat", "Batch", 0, 0, 2, 0, 0, 0, 0, 0, 0, 2
"c:\xampp\htdocs\mvc\app\library\selenium\example.php", "PHP", 18, 0, 0, 0, 0, 0, 0, 16, 4, 38
"c:\xampp\htdocs\mvc\app\library\selenium\firefoxProfileExample.php", "PHP", 13, 0, 0, 0, 0, 0, 0, 15, 3, 31
"c:\xampp\htdocs\mvc\app\library\selenium\phpwebdriver\CWebDriverTestCase.php", "PHP", 173, 0, 0, 0, 0, 0, 0, 69, 31, 273
"c:\xampp\htdocs\mvc\app\library\selenium\phpwebdriver\Keys.php", "PHP", 8, 0, 0, 0, 0, 0, 0, 15, 3, 26
"c:\xampp\htdocs\mvc\app\library\selenium\phpwebdriver\LocatorStrategy.php", "PHP", 12, 0, 0, 0, 0, 0, 0, 8, 8, 28
"c:\xampp\htdocs\mvc\app\library\selenium\phpwebdriver\NoSuchElementException.php", "PHP", 9, 0, 0, 0, 0, 0, 0, 9, 2, 20
"c:\xampp\htdocs\mvc\app\library\selenium\phpwebdriver\WebDriver.php", "PHP", 342, 0, 0, 0, 0, 0, 0, 209, 65, 616
"c:\xampp\htdocs\mvc\app\library\selenium\phpwebdriver\WebDriverBase.php", "PHP", 132, 0, 0, 0, 0, 0, 0, 83, 25, 240
"c:\xampp\htdocs\mvc\app\library\selenium\phpwebdriver\WebDriverException.php", "PHP", 7, 0, 0, 0, 0, 0, 0, 3, 3, 13
"c:\xampp\htdocs\mvc\app\library\selenium\phpwebdriver\WebDriverResponseStatus.php", "PHP", 19, 0, 0, 0, 0, 0, 0, 0, 2, 21
"c:\xampp\htdocs\mvc\app\library\selenium\phpwebdriver\WebElement.php", "PHP", 122, 0, 0, 0, 0, 0, 0, 65, 40, 227
"c:\xampp\htdocs\mvc\app\library\selenium\sauceLabsExample.php", "PHP", 12, 0, 0, 0, 0, 0, 0, 15, 3, 30
"c:\xampp\htdocs\mvc\app\library\selenium\status.html", "HTML", 0, 82, 0, 0, 0, 0, 0, 0, 0, 82
"c:\xampp\htdocs\mvc\app\library\selenium\test.php", "PHP", 37, 0, 0, 0, 0, 0, 0, 14, 15, 66
"c:\xampp\htdocs\mvc\app\library\selenium\test\PHPWebdriverFirefoxProfileTest.php", "PHP", 18, 0, 0, 0, 0, 0, 0, 8, 6, 32
"c:\xampp\htdocs\mvc\app\library\selenium\test\PHPWebdriverTest.php", "PHP", 281, 0, 0, 0, 0, 0, 0, 24, 65, 370
"c:\xampp\htdocs\mvc\app\library\selenium\test_page.php", "PHP", 53, 0, 0, 0, 0, 0, 0, 0, 13, 66
"c:\xampp\htdocs\mvc\app\library\selenium\vendor\autoload.php", "PHP", 20, 0, 0, 0, 0, 0, 0, 1, 5, 26
"c:\xampp\htdocs\mvc\app\library\selenium\vendor\composer\ClassLoader.php", "PHP", 284, 0, 0, 0, 0, 0, 0, 243, 59, 586
"c:\xampp\htdocs\mvc\app\library\selenium\vendor\composer\InstalledVersions.php", "PHP", 178, 0, 0, 0, 0, 0, 0, 133, 49, 360
"c:\xampp\htdocs\mvc\app\library\selenium\vendor\composer\autoload_classmap.php", "PHP", 6, 0, 0, 0, 0, 0, 0, 1, 4, 11
"c:\xampp\htdocs\mvc\app\library\selenium\vendor\composer\autoload_files.php", "PHP", 7, 0, 0, 0, 0, 0, 0, 1, 4, 12
"c:\xampp\htdocs\mvc\app\library\selenium\vendor\composer\autoload_namespaces.php", "PHP", 5, 0, 0, 0, 0, 0, 0, 1, 4, 10
"c:\xampp\htdocs\mvc\app\library\selenium\vendor\composer\autoload_psr4.php", "PHP", 8, 0, 0, 0, 0, 0, 0, 1, 4, 13
"c:\xampp\htdocs\mvc\app\library\selenium\vendor\composer\autoload_real.php", "PHP", 35, 0, 0, 0, 0, 0, 0, 4, 12, 51
"c:\xampp\htdocs\mvc\app\library\selenium\vendor\composer\autoload_static.php", "PHP", 45, 0, 0, 0, 0, 0, 0, 1, 9, 55
"c:\xampp\htdocs\mvc\app\library\selenium\vendor\composer\installed.json", "JSON", 0, 0, 0, 225, 0, 0, 0, 0, 1, 226
"c:\xampp\htdocs\mvc\app\library\selenium\vendor\composer\installed.php", "PHP", 56, 0, 0, 0, 0, 0, 0, 0, 1, 57
"c:\xampp\htdocs\mvc\app\library\selenium\vendor\composer\platform_check.php", "PHP", 21, 0, 0, 0, 0, 0, 0, 1, 5, 27
"c:\xampp\htdocs\mvc\app\library\selenium\vendor\php-webdriver\webdriver\CHANGELOG.md", "Markdown", 0, 0, 0, 0, 193, 0, 0, 0, 47, 240
"c:\xampp\htdocs\mvc\app\library\selenium\vendor\php-webdriver\webdriver\LICENSE.md", "Markdown", 0, 0, 0, 0, 18, 0, 0, 0, 5, 23
"c:\xampp\htdocs\mvc\app\library\selenium\vendor\php-webdriver\webdriver\README.md", "Markdown", 0, 0, 0, 0, 148, 0, 0, 0, 81, 229
"c:\xampp\htdocs\mvc\app\library\selenium\vendor\php-webdriver\webdriver\composer.json", "JSON", 0, 0, 0, 97, 0, 0, 0, 0, 1, 98
"c:\xampp\htdocs\mvc\app\library\selenium\vendor\php-webdriver\webdriver\lib\AbstractWebDriverCheckboxOrRadio.php", "PHP", 163, 0, 0, 0, 0, 0, 0, 42, 36, 241
"c:\xampp\htdocs\mvc\app\library\selenium\vendor\php-webdriver\webdriver\lib\Chrome\ChromeDevToolsDriver.php", "PHP", 24, 0, 0, 0, 0, 0, 0, 15, 8, 47
"c:\xampp\htdocs\mvc\app\library\selenium\vendor\php-webdriver\webdriver\lib\Chrome\ChromeDriver.php", "PHP", 60, 0, 0, 0, 0, 0, 0, 31, 15, 106
"c:\xampp\htdocs\mvc\app\library\selenium\vendor\php-webdriver\webdriver\lib\Chrome\ChromeDriverService.php", "PHP", 19, 0, 0, 0, 0, 0, 0, 12, 7, 38
"c:\xampp\htdocs\mvc\app\library\selenium\vendor\php-webdriver\webdriver\lib\Chrome\ChromeOptions.php", "PHP", 78, 0, 0, 0, 0, 0, 0, 80, 26, 184
"c:\xampp\htdocs\mvc\app\library\selenium\vendor\php-webdriver\webdriver\lib\Cookie.php", "PHP", 149, 0, 0, 0, 0, 0, 0, 97, 33, 279
"c:\xampp\htdocs\mvc\app\library\selenium\vendor\php-webdriver\webdriver\lib\Exception\DetachedShadowRootException.php", "PHP", 5, 0, 0, 0, 0, 0, 0, 3, 3, 11
"c:\xampp\htdocs\mvc\app\library\selenium\vendor\php-webdriver\webdriver\lib\Exception\ElementClickInterceptedException.php", "PHP", 5, 0, 0, 0, 0, 0, 0, 4, 3, 12
"c:\xampp\htdocs\mvc\app\library\selenium\vendor\php-webdriver\webdriver\lib\Exception\ElementNotInteractableException.php", "PHP", 5, 0, 0, 0, 0, 0, 0, 3, 3, 11
"c:\xampp\htdocs\mvc\app\library\selenium\vendor\php-webdriver\webdriver\lib\Exception\ElementNotSelectableException.php", "PHP", 5, 0, 0, 0, 0, 0, 0, 3, 3, 11
"c:\xampp\htdocs\mvc\app\library\selenium\vendor\php-webdriver\webdriver\lib\Exception\ElementNotVisibleException.php", "PHP", 5, 0, 0, 0, 0, 0, 0, 3, 3, 11
"c:\xampp\htdocs\mvc\app\library\selenium\vendor\php-webdriver\webdriver\lib\Exception\ExpectedException.php", "PHP", 5, 0, 0, 0, 0, 0, 0, 3, 3, 11
"c:\xampp\htdocs\mvc\app\library\selenium\vendor\php-webdriver\webdriver\lib\Exception\IMEEngineActivationFailedException.php", "PHP", 5, 0, 0, 0, 0, 0, 0, 3, 3, 11
"c:\xampp\htdocs\mvc\app\library\selenium\vendor\php-webdriver\webdriver\lib\Exception\IMENotAvailableException.php", "PHP", 5, 0, 0, 0, 0, 0, 0, 3, 3, 11
"c:\xampp\htdocs\mvc\app\library\selenium\vendor\php-webdriver\webdriver\lib\Exception\IndexOutOfBoundsException.php", "PHP", 5, 0, 0, 0, 0, 0, 0, 3, 3, 11
"c:\xampp\htdocs\mvc\app\library\selenium\vendor\php-webdriver\webdriver\lib\Exception\InsecureCertificateException.php", "PHP", 5, 0, 0, 0, 0, 0, 0, 4, 3, 12
"c:\xampp\htdocs\mvc\app\library\selenium\vendor\php-webdriver\webdriver\lib\Exception\Internal\DriverServerDiedException.php", "PHP", 10, 0, 0, 0, 0, 0, 0, 3, 4, 17
"c:\xampp\htdocs\mvc\app\library\selenium\vendor\php-webdriver\webdriver\lib\Exception\Internal\IOException.php", "PHP", 10, 0, 0, 0, 0, 0, 0, 3, 4, 17
"c:\xampp\htdocs\mvc\app\library\selenium\vendor\php-webdriver\webdriver\lib\Exception\Internal\LogicException.php", "PHP", 22, 0, 0, 0, 0, 0, 0, 3, 5, 30
"c:\xampp\htdocs\mvc\app\library\selenium\vendor\php-webdriver\webdriver\lib\Exception\Internal\RuntimeException.php", "PHP", 21, 0, 0, 0, 0, 0, 0, 3, 5, 29
"c:\xampp\htdocs\mvc\app\library\selenium\vendor\php-webdriver\webdriver\lib\Exception\Internal\UnexpectedResponseException.php", "PHP", 33, 0, 0, 0, 0, 0, 0, 3, 6, 42
"c:\xampp\htdocs\mvc\app\library\selenium\vendor\php-webdriver\webdriver\lib\Exception\Internal\WebDriverCurlException.php", "PHP", 14, 0, 0, 0, 0, 0, 0, 3, 6, 23
"c:\xampp\htdocs\mvc\app\library\selenium\vendor\php-webdriver\webdriver\lib\Exception\InvalidArgumentException.php", "PHP", 5, 0, 0, 0, 0, 0, 0, 3, 3, 11
"c:\xampp\htdocs\mvc\app\library\selenium\vendor\php-webdriver\webdriver\lib\Exception\InvalidCookieDomainException.php", "PHP", 5, 0, 0, 0, 0, 0, 0, 3, 3, 11
"c:\xampp\htdocs\mvc\app\library\selenium\vendor\php-webdriver\webdriver\lib\Exception\InvalidCoordinatesException.php", "PHP", 5, 0, 0, 0, 0, 0, 0, 3, 3, 11
"c:\xampp\htdocs\mvc\app\library\selenium\vendor\php-webdriver\webdriver\lib\Exception\InvalidElementStateException.php", "PHP", 5, 0, 0, 0, 0, 0, 0, 4, 3, 12
"c:\xampp\htdocs\mvc\app\library\selenium\vendor\php-webdriver\webdriver\lib\Exception\InvalidSelectorException.php", "PHP", 5, 0, 0, 0, 0, 0, 0, 3, 3, 11
"c:\xampp\htdocs\mvc\app\library\selenium\vendor\php-webdriver\webdriver\lib\Exception\InvalidSessionIdException.php", "PHP", 5, 0, 0, 0, 0, 0, 0, 4, 3, 12
"c:\xampp\htdocs\mvc\app\library\selenium\vendor\php-webdriver\webdriver\lib\Exception\JavascriptErrorException.php", "PHP", 5, 0, 0, 0, 0, 0, 0, 3, 3, 11
"c:\xampp\htdocs\mvc\app\library\selenium\vendor\php-webdriver\webdriver\lib\Exception\MoveTargetOutOfBoundsException.php", "PHP", 5, 0, 0, 0, 0, 0, 0, 3, 3, 11
"c:\xampp\htdocs\mvc\app\library\selenium\vendor\php-webdriver\webdriver\lib\Exception\NoAlertOpenException.php", "PHP", 5, 0, 0, 0, 0, 0, 0, 3, 3, 11
"c:\xampp\htdocs\mvc\app\library\selenium\vendor\php-webdriver\webdriver\lib\Exception\NoCollectionException.php", "PHP", 5, 0, 0, 0, 0, 0, 0, 3, 3, 11
"c:\xampp\htdocs\mvc\app\library\selenium\vendor\php-webdriver\webdriver\lib\Exception\NoScriptResultException.php", "PHP", 5, 0, 0, 0, 0, 0, 0, 3, 3, 11
"c:\xampp\htdocs\mvc\app\library\selenium\vendor\php-webdriver\webdriver\lib\Exception\NoStringException.php", "PHP", 5, 0, 0, 0, 0, 0, 0, 3, 3, 11
"c:\xampp\htdocs\mvc\app\library\selenium\vendor\php-webdriver\webdriver\lib\Exception\NoStringLengthException.php", "PHP", 5, 0, 0, 0, 0, 0, 0, 3, 3, 11
"c:\xampp\htdocs\mvc\app\library\selenium\vendor\php-webdriver\webdriver\lib\Exception\NoStringWrapperException.php", "PHP", 5, 0, 0, 0, 0, 0, 0, 3, 3, 11
"c:\xampp\htdocs\mvc\app\library\selenium\vendor\php-webdriver\webdriver\lib\Exception\NoSuchAlertException.php", "PHP", 5, 0, 0, 0, 0, 0, 0, 3, 3, 11
"c:\xampp\htdocs\mvc\app\library\selenium\vendor\php-webdriver\webdriver\lib\Exception\NoSuchCollectionException.php", "PHP", 5, 0, 0, 0, 0, 0, 0, 3, 3, 11
"c:\xampp\htdocs\mvc\app\library\selenium\vendor\php-webdriver\webdriver\lib\Exception\NoSuchCookieException.php", "PHP", 5, 0, 0, 0, 0, 0, 0, 4, 3, 12
"c:\xampp\htdocs\mvc\app\library\selenium\vendor\php-webdriver\webdriver\lib\Exception\NoSuchDocumentException.php", "PHP", 5, 0, 0, 0, 0, 0, 0, 3, 3, 11
"c:\xampp\htdocs\mvc\app\library\selenium\vendor\php-webdriver\webdriver\lib\Exception\NoSuchDriverException.php", "PHP", 5, 0, 0, 0, 0, 0, 0, 3, 3, 11
"c:\xampp\htdocs\mvc\app\library\selenium\vendor\php-webdriver\webdriver\lib\Exception\NoSuchElementException.php", "PHP", 5, 0, 0, 0, 0, 0, 0, 3, 3, 11
"c:\xampp\htdocs\mvc\app\library\selenium\vendor\php-webdriver\webdriver\lib\Exception\NoSuchFrameException.php", "PHP", 5, 0, 0, 0, 0, 0, 0, 3, 3, 11
"c:\xampp\htdocs\mvc\app\library\selenium\vendor\php-webdriver\webdriver\lib\Exception\NoSuchShadowRootException.php", "PHP", 5, 0, 0, 0, 0, 0, 0, 3, 3, 11
"c:\xampp\htdocs\mvc\app\library\selenium\vendor\php-webdriver\webdriver\lib\Exception\NoSuchWindowException.php", "PHP", 5, 0, 0, 0, 0, 0, 0, 3, 3, 11
"c:\xampp\htdocs\mvc\app\library\selenium\vendor\php-webdriver\webdriver\lib\Exception\NullPointerException.php", "PHP", 5, 0, 0, 0, 0, 0, 0, 3, 3, 11
"c:\xampp\htdocs\mvc\app\library\selenium\vendor\php-webdriver\webdriver\lib\Exception\PhpWebDriverExceptionInterface.php", "PHP", 5, 0, 0, 0, 0, 0, 0, 3, 3, 11
"c:\xampp\htdocs\mvc\app\library\selenium\vendor\php-webdriver\webdriver\lib\Exception\ScriptTimeoutException.php", "PHP", 5, 0, 0, 0, 0, 0, 0, 3, 3, 11
"c:\xampp\htdocs\mvc\app\library\selenium\vendor\php-webdriver\webdriver\lib\Exception\SessionNotCreatedException.php", "PHP", 5, 0, 0, 0, 0, 0, 0, 3, 3, 11
"c:\xampp\htdocs\mvc\app\library\selenium\vendor\php-webdriver\webdriver\lib\Exception\StaleElementReferenceException.php", "PHP", 5, 0, 0, 0, 0, 0, 0, 3, 3, 11
"c:\xampp\htdocs\mvc\app\library\selenium\vendor\php-webdriver\webdriver\lib\Exception\TimeoutException.php", "PHP", 5, 0, 0, 0, 0, 0, 0, 3, 3, 11
"c:\xampp\htdocs\mvc\app\library\selenium\vendor\php-webdriver\webdriver\lib\Exception\UnableToCaptureScreenException.php", "PHP", 5, 0, 0, 0, 0, 0, 0, 3, 3, 11
"c:\xampp\htdocs\mvc\app\library\selenium\vendor\php-webdriver\webdriver\lib\Exception\UnableToSetCookieException.php", "PHP", 5, 0, 0, 0, 0, 0, 0, 3, 3, 11
"c:\xampp\htdocs\mvc\app\library\selenium\vendor\php-webdriver\webdriver\lib\Exception\UnexpectedAlertOpenException.php", "PHP", 5, 0, 0, 0, 0, 0, 0, 3, 3, 11
"c:\xampp\htdocs\mvc\app\library\selenium\vendor\php-webdriver\webdriver\lib\Exception\UnexpectedJavascriptException.php", "PHP", 5, 0, 0, 0, 0, 0, 0, 3, 3, 11
"c:\xampp\htdocs\mvc\app\library\selenium\vendor\php-webdriver\webdriver\lib\Exception\UnexpectedTagNameException.php", "PHP", 17, 0, 0, 0, 0, 0, 0, 4, 3, 24
"c:\xampp\htdocs\mvc\app\library\selenium\vendor\php-webdriver\webdriver\lib\Exception\UnknownCommandException.php", "PHP", 5, 0, 0, 0, 0, 0, 0, 3, 3, 11
"c:\xampp\htdocs\mvc\app\library\selenium\vendor\php-webdriver\webdriver\lib\Exception\UnknownErrorException.php", "PHP", 5, 0, 0, 0, 0, 0, 0, 3, 3, 11
"c:\xampp\htdocs\mvc\app\library\selenium\vendor\php-webdriver\webdriver\lib\Exception\UnknownMethodException.php", "PHP", 5, 0, 0, 0, 0, 0, 0, 3, 3, 11
"c:\xampp\htdocs\mvc\app\library\selenium\vendor\php-webdriver\webdriver\lib\Exception\UnknownServerException.php", "PHP", 5, 0, 0, 0, 0, 0, 0, 3, 3, 11
"c:\xampp\htdocs\mvc\app\library\selenium\vendor\php-webdriver\webdriver\lib\Exception\UnrecognizedExceptionException.php", "PHP", 5, 0, 0, 0, 0, 0, 0, 0, 3, 8
"c:\xampp\htdocs\mvc\app\library\selenium\vendor\php-webdriver\webdriver\lib\Exception\UnsupportedOperationException.php", "PHP", 5, 0, 0, 0, 0, 0, 0, 3, 3, 11
"c:\xampp\htdocs\mvc\app\library\selenium\vendor\php-webdriver\webdriver\lib\Exception\WebDriverException.php", "PHP", 153, 0, 0, 0, 0, 0, 0, 69, 8, 230
"c:\xampp\htdocs\mvc\app\library\selenium\vendor\php-webdriver\webdriver\lib\Exception\XPathLookupException.php", "PHP", 5, 0, 0, 0, 0, 0, 0, 3, 3, 11
"c:\xampp\htdocs\mvc\app\library\selenium\vendor\php-webdriver\webdriver\lib\Firefox\FirefoxDriver.php", "PHP", 35, 0, 0, 0, 0, 0, 0, 23, 11, 69
"c:\xampp\htdocs\mvc\app\library\selenium\vendor\php-webdriver\webdriver\lib\Firefox\FirefoxDriverService.php", "PHP", 18, 0, 0, 0, 0, 0, 0, 10, 7, 35
"c:\xampp\htdocs\mvc\app\library\selenium\vendor\php-webdriver\webdriver\lib\Firefox\FirefoxOptions.php", "PHP", 68, 0, 0, 0, 0, 0, 0, 48, 18, 134
"c:\xampp\htdocs\mvc\app\library\selenium\vendor\php-webdriver\webdriver\lib\Firefox\FirefoxPreferences.php", "PHP", 12, 0, 0, 0, 0, 0, 0, 10, 4, 26
"c:\xampp\htdocs\mvc\app\library\selenium\vendor\php-webdriver\webdriver\lib\Firefox\FirefoxProfile.php", "PHP", 201, 0, 0, 0, 0, 0, 0, 65, 53, 319
"c:\xampp\htdocs\mvc\app\library\selenium\vendor\php-webdriver\webdriver\lib\Interactions\Internal\WebDriverButtonReleaseAction.php", "PHP", 10, 0, 0, 0, 0, 0, 0, 3, 4, 17
"c:\xampp\htdocs\mvc\app\library\selenium\vendor\php-webdriver\webdriver\lib\Interactions\Internal\WebDriverClickAction.php", "PHP", 10, 0, 0, 0, 0, 0, 0, 0, 4, 14
"c:\xampp\htdocs\mvc\app\library\selenium\vendor\php-webdriver\webdriver\lib\Interactions\Internal\WebDriverClickAndHoldAction.php", "PHP", 10, 0, 0, 0, 0, 0, 0, 3, 4, 17
"c:\xampp\htdocs\mvc\app\library\selenium\vendor\php-webdriver\webdriver\lib\Interactions\Internal\WebDriverContextClickAction.php", "PHP", 10, 0, 0, 0, 0, 0, 0, 3, 4, 17
"c:\xampp\htdocs\mvc\app\library\selenium\vendor\php-webdriver\webdriver\lib\Interactions\Internal\WebDriverCoordinates.php", "PHP", 36, 0, 0, 0, 0, 0, 0, 32, 9, 77
"c:\xampp\htdocs\mvc\app\library\selenium\vendor\php-webdriver\webdriver\lib\Interactions\Internal\WebDriverDoubleClickAction.php", "PHP", 10, 0, 0, 0, 0, 0, 0, 0, 4, 14
"c:\xampp\htdocs\mvc\app\library\selenium\vendor\php-webdriver\webdriver\lib\Interactions\Internal\WebDriverKeyDownAction.php", "PHP", 10, 0, 0, 0, 0, 0, 0, 0, 3, 13
"c:\xampp\htdocs\mvc\app\library\selenium\vendor\php-webdriver\webdriver\lib\Interactions\Internal\WebDriverKeyUpAction.php", "PHP", 10, 0, 0, 0, 0, 0, 0, 0, 3, 13
"c:\xampp\htdocs\mvc\app\library\selenium\vendor\php-webdriver\webdriver\lib\Interactions\Internal\WebDriverKeysRelatedAction.php", "PHP", 26, 0, 0, 0, 0, 0, 0, 12, 6, 44
"c:\xampp\htdocs\mvc\app\library\selenium\vendor\php-webdriver\webdriver\lib\Interactions\Internal\WebDriverMouseAction.php", "PHP", 25, 0, 0, 0, 0, 0, 0, 12, 8, 45
"c:\xampp\htdocs\mvc\app\library\selenium\vendor\php-webdriver\webdriver\lib\Interactions\Internal\WebDriverMouseMoveAction.php", "PHP", 10, 0, 0, 0, 0, 0, 0, 0, 4, 14
"c:\xampp\htdocs\mvc\app\library\selenium\vendor\php-webdriver\webdriver\lib\Interactions\Internal\WebDriverMoveToOffsetAction.php", "PHP", 28, 0, 0, 0, 0, 0, 0, 10, 6, 44
"c:\xampp\htdocs\mvc\app\library\selenium\vendor\php-webdriver\webdriver\lib\Interactions\Internal\WebDriverSendKeysAction.php", "PHP", 24, 0, 0, 0, 0, 0, 0, 6, 6, 36
"c:\xampp\htdocs\mvc\app\library\selenium\vendor\php-webdriver\webdriver\lib\Interactions\Internal\WebDriverSingleKeyAction.php", "PHP", 43, 0, 0, 0, 0, 0, 0, 5, 7, 55
"c:\xampp\htdocs\mvc\app\library\selenium\vendor\php-webdriver\webdriver\lib\Interactions\Touch\WebDriverDoubleTapAction.php", "PHP", 10, 0, 0, 0, 0, 0, 0, 0, 4, 14
"c:\xampp\htdocs\mvc\app\library\selenium\vendor\php-webdriver\webdriver\lib\Interactions\Touch\WebDriverDownAction.php", "PHP", 18, 0, 0, 0, 0, 0, 0, 10, 6, 34
"c:\xampp\htdocs\mvc\app\library\selenium\vendor\php-webdriver\webdriver\lib\Interactions\Touch\WebDriverFlickAction.php", "PHP", 18, 0, 0, 0, 0, 0, 0, 10, 6, 34
"c:\xampp\htdocs\mvc\app\library\selenium\vendor\php-webdriver\webdriver\lib\Interactions\Touch\WebDriverFlickFromElementAction.php", "PHP", 31, 0, 0, 0, 0, 0, 0, 14, 6, 51
"c:\xampp\htdocs\mvc\app\library\selenium\vendor\php-webdriver\webdriver\lib\Interactions\Touch\WebDriverLongPressAction.php", "PHP", 10, 0, 0, 0, 0, 0, 0, 0, 4, 14
"c:\xampp\htdocs\mvc\app\library\selenium\vendor\php-webdriver\webdriver\lib\Interactions\Touch\WebDriverMoveAction.php", "PHP", 18, 0, 0, 0, 0, 0, 0, 4, 6, 28
"c:\xampp\htdocs\mvc\app\library\selenium\vendor\php-webdriver\webdriver\lib\Interactions\Touch\WebDriverScrollAction.php", "PHP", 18, 0, 0, 0, 0, 0, 0, 4, 6, 28
"c:\xampp\htdocs\mvc\app\library\selenium\vendor\php-webdriver\webdriver\lib\Interactions\Touch\WebDriverScrollFromElementAction.php", "PHP", 27, 0, 0, 0, 0, 0, 0, 4, 6, 37
"c:\xampp\htdocs\mvc\app\library\selenium\vendor\php-webdriver\webdriver\lib\Interactions\Touch\WebDriverTapAction.php", "PHP", 10, 0, 0, 0, 0, 0, 0, 0, 4, 14
"c:\xampp\htdocs\mvc\app\library\selenium\vendor\php-webdriver\webdriver\lib\Interactions\Touch\WebDriverTouchAction.php", "PHP", 21, 0, 0, 0, 0, 0, 0, 12, 6, 39
"c:\xampp\htdocs\mvc\app\library\selenium\vendor\php-webdriver\webdriver\lib\Interactions\Touch\WebDriverTouchScreen.php", "PHP", 25, 0, 0, 0, 0, 0, 0, 72, 13, 110
"c:\xampp\htdocs\mvc\app\library\selenium\vendor\php-webdriver\webdriver\lib\Interactions\WebDriverActions.php", "PHP", 136, 0, 0, 0, 0, 0, 0, 88, 30, 254
"c:\xampp\htdocs\mvc\app\library\selenium\vendor\php-webdriver\webdriver\lib\Interactions\WebDriverCompositeAction.php", "PHP", 22, 0, 0, 0, 0, 0, 0, 19, 8, 49
"c:\xampp\htdocs\mvc\app\library\selenium\vendor\php-webdriver\webdriver\lib\Interactions\WebDriverTouchActions.php", "PHP", 100, 0, 0, 0, 0, 0, 0, 51, 25, 176
"c:\xampp\htdocs\mvc\app\library\selenium\vendor\php-webdriver\webdriver\lib\Internal\WebDriverLocatable.php", "PHP", 7, 0, 0, 0, 0, 0, 0, 6, 4, 17
"c:\xampp\htdocs\mvc\app\library\selenium\vendor\php-webdriver\webdriver\lib\JavaScriptExecutor.php", "PHP", 7, 0, 0, 0, 0, 0, 0, 25, 4, 36
"c:\xampp\htdocs\mvc\app\library\selenium\vendor\php-webdriver\webdriver\lib\Local\LocalWebDriver.php", "PHP", 27, 0, 0, 0, 0, 0, 0, 24, 5, 56
"c:\xampp\htdocs\mvc\app\library\selenium\vendor\php-webdriver\webdriver\lib\Net\URLChecker.php", "PHP", 58, 0, 0, 0, 0, 0, 0, 2, 14, 74
"c:\xampp\htdocs\mvc\app\library\selenium\vendor\php-webdriver\webdriver\lib\Remote\CustomWebDriverCommand.php", "PHP", 50, 0, 0, 0, 0, 0, 0, 20, 13, 83
"c:\xampp\htdocs\mvc\app\library\selenium\vendor\php-webdriver\webdriver\lib\Remote\DesiredCapabilities.php", "PHP", 265, 0, 0, 0, 0, 0, 0, 116, 58, 439
"c:\xampp\htdocs\mvc\app\library\selenium\vendor\php-webdriver\webdriver\lib\Remote\DriverCommand.php", "PHP", 126, 0, 0, 0, 0, 0, 0, 23, 5, 154
"c:\xampp\htdocs\mvc\app\library\selenium\vendor\php-webdriver\webdriver\lib\Remote\ExecuteMethod.php", "PHP", 6, 0, 0, 0, 0, 0, 0, 4, 3, 13
"c:\xampp\htdocs\mvc\app\library\selenium\vendor\php-webdriver\webdriver\lib\Remote\FileDetector.php", "PHP", 6, 0, 0, 0, 0, 0, 0, 8, 3, 17
"c:\xampp\htdocs\mvc\app\library\selenium\vendor\php-webdriver\webdriver\lib\Remote\HttpCommandExecutor.php", "PHP", 315, 0, 0, 0, 0, 0, 0, 59, 41, 415
"c:\xampp\htdocs\mvc\app\library\selenium\vendor\php-webdriver\webdriver\lib\Remote\JsonWireCompat.php", "PHP", 49, 0, 0, 0, 0, 0, 0, 29, 11, 89
"c:\xampp\htdocs\mvc\app\library\selenium\vendor\php-webdriver\webdriver\lib\Remote\LocalFileDetector.php", "PHP", 12, 0, 0, 0, 0, 0, 0, 5, 4, 21
"c:\xampp\htdocs\mvc\app\library\selenium\vendor\php-webdriver\webdriver\lib\Remote\RemoteExecuteMethod.php", "PHP", 14, 0, 0, 0, 0, 0, 0, 7, 5, 26
"c:\xampp\htdocs\mvc\app\library\selenium\vendor\php-webdriver\webdriver\lib\Remote\RemoteKeyboard.php", "PHP", 67, 0, 0, 0, 0, 0, 0, 28, 11, 106
"c:\xampp\htdocs\mvc\app\library\selenium\vendor\php-webdriver\webdriver\lib\Remote\RemoteMouse.php", "PHP", 209, 0, 0, 0, 0, 0, 0, 45, 37, 291
"c:\xampp\htdocs\mvc\app\library\selenium\vendor\php-webdriver\webdriver\lib\Remote\RemoteStatus.php", "PHP", 36, 0, 0, 0, 0, 0, 0, 32, 12, 80
"c:\xampp\htdocs\mvc\app\library\selenium\vendor\php-webdriver\webdriver\lib\Remote\RemoteTargetLocator.php", "PHP", 90, 0, 0, 0, 0, 0, 0, 37, 23, 150
"c:\xampp\htdocs\mvc\app\library\selenium\vendor\php-webdriver\webdriver\lib\Remote\RemoteTouchScreen.php", "PHP", 95, 0, 0, 0, 0, 0, 0, 58, 25, 178
"c:\xampp\htdocs\mvc\app\library\selenium\vendor\php-webdriver\webdriver\lib\Remote\RemoteWebDriver.php", "PHP", 380, 0, 0, 0, 0, 0, 0, 292, 93, 765
"c:\xampp\htdocs\mvc\app\library\selenium\vendor\php-webdriver\webdriver\lib\Remote\RemoteWebElement.php", "PHP", 346, 0, 0, 0, 0, 0, 0, 231, 69, 646
"c:\xampp\htdocs\mvc\app\library\selenium\vendor\php-webdriver\webdriver\lib\Remote\Service\DriverCommandExecutor.php", "PHP", 35, 0, 0, 0, 0, 0, 0, 11, 8, 54
"c:\xampp\htdocs\mvc\app\library\selenium\vendor\php-webdriver\webdriver\lib\Remote\Service\DriverService.php", "PHP", 109, 0, 0, 0, 0, 0, 0, 61, 33, 203
"c:\xampp\htdocs\mvc\app\library\selenium\vendor\php-webdriver\webdriver\lib\Remote\ShadowRoot.php", "PHP", 52, 0, 0, 0, 0, 0, 0, 23, 17, 92
"c:\xampp\htdocs\mvc\app\library\selenium\vendor\php-webdriver\webdriver\lib\Remote\UselessFileDetector.php", "PHP", 9, 0, 0, 0, 0, 0, 0, 0, 3, 12
"c:\xampp\htdocs\mvc\app\library\selenium\vendor\php-webdriver\webdriver\lib\Remote\WebDriverBrowserType.php", "PHP", 28, 0, 0, 0, 0, 0, 0, 9, 4, 41
"c:\xampp\htdocs\mvc\app\library\selenium\vendor\php-webdriver\webdriver\lib\Remote\WebDriverCapabilityType.php", "PHP", 24, 0, 0, 0, 0, 0, 0, 5, 4, 33
"c:\xampp\htdocs\mvc\app\library\selenium\vendor\php-webdriver\webdriver\lib\Remote\WebDriverCommand.php", "PHP", 30, 0, 0, 0, 0, 0, 0, 23, 8, 61
"c:\xampp\htdocs\mvc\app\library\selenium\vendor\php-webdriver\webdriver\lib\Remote\WebDriverResponse.php", "PHP", 39, 0, 0, 0, 0, 0, 0, 33, 13, 85
"c:\xampp\htdocs\mvc\app\library\selenium\vendor\php-webdriver\webdriver\lib\Support\Events\EventFiringWebDriver.php", "PHP", 252, 0, 0, 0, 0, 0, 0, 96, 47, 395
"c:\xampp\htdocs\mvc\app\library\selenium\vendor\php-webdriver\webdriver\lib\Support\Events\EventFiringWebDriverNavigation.php", "PHP", 98, 0, 0, 0, 0, 0, 0, 16, 22, 136
"c:\xampp\htdocs\mvc\app\library\selenium\vendor\php-webdriver\webdriver\lib\Support\Events\EventFiringWebElement.php", "PHP", 273, 0, 0, 0, 0, 0, 0, 98, 43, 414
"c:\xampp\htdocs\mvc\app\library\selenium\vendor\php-webdriver\webdriver\lib\Support\IsElementDisplayedAtom.php", "PHP", 43, 0, 0, 0, 0, 0, 0, 18, 11, 72
"c:\xampp\htdocs\mvc\app\library\selenium\vendor\php-webdriver\webdriver\lib\Support\ScreenshotHelper.php", "PHP", 55, 0, 0, 0, 0, 0, 0, 9, 18, 82
"c:\xampp\htdocs\mvc\app\library\selenium\vendor\php-webdriver\webdriver\lib\Support\XPathEscaper.php", "PHP", 18, 0, 0, 0, 0, 0, 0, 10, 5, 33
"c:\xampp\htdocs\mvc\app\library\selenium\vendor\php-webdriver\webdriver\lib\WebDriver.php", "PHP", 23, 0, 0, 0, 0, 0, 0, 102, 19, 144
"c:\xampp\htdocs\mvc\app\library\selenium\vendor\php-webdriver\webdriver\lib\WebDriverAction.php", "PHP", 6, 0, 0, 0, 0, 0, 0, 3, 3, 12
"c:\xampp\htdocs\mvc\app\library\selenium\vendor\php-webdriver\webdriver\lib\WebDriverAlert.php", "PHP", 34, 0, 0, 0, 0, 0, 0, 27, 12, 73
"c:\xampp\htdocs\mvc\app\library\selenium\vendor\php-webdriver\webdriver\lib\WebDriverBy.php", "PHP", 52, 0, 0, 0, 0, 0, 0, 69, 14, 135
"c:\xampp\htdocs\mvc\app\library\selenium\vendor\php-webdriver\webdriver\lib\WebDriverCapabilities.php", "PHP", 11, 0, 0, 0, 0, 0, 0, 27, 9, 47
"c:\xampp\htdocs\mvc\app\library\selenium\vendor\php-webdriver\webdriver\lib\WebDriverCheckboxes.php", "PHP", 40, 0, 0, 0, 0, 0, 0, 3, 11, 54
"c:\xampp\htdocs\mvc\app\library\selenium\vendor\php-webdriver\webdriver\lib\WebDriverCommandExecutor.php", "PHP", 8, 0, 0, 0, 0, 0, 0, 6, 4, 18
"c:\xampp\htdocs\mvc\app\library\selenium\vendor\php-webdriver\webdriver\lib\WebDriverDimension.php", "PHP", 24, 0, 0, 0, 0, 0, 0, 29, 7, 60
"c:\xampp\htdocs\mvc\app\library\selenium\vendor\php-webdriver\webdriver\lib\WebDriverDispatcher.php", "PHP", 37, 0, 0, 0, 0, 0, 0, 26, 13, 76
"c:\xampp\htdocs\mvc\app\library\selenium\vendor\php-webdriver\webdriver\lib\WebDriverElement.php", "PHP", 21, 0, 0, 0, 0, 0, 0, 113, 21, 155
"c:\xampp\htdocs\mvc\app\library\selenium\vendor\php-webdriver\webdriver\lib\WebDriverEventListener.php", "PHP", 23, 0, 0, 0, 0, 0, 0, 12, 18, 53
"c:\xampp\htdocs\mvc\app\library\selenium\vendor\php-webdriver\webdriver\lib\WebDriverExpectedCondition.php", "PHP", 327, 0, 0, 0, 0, 0, 0, 209, 49, 585
"c:\xampp\htdocs\mvc\app\library\selenium\vendor\php-webdriver\webdriver\lib\WebDriverHasInputDevices.php", "PHP", 7, 0, 0, 0, 0, 0, 0, 9, 4, 20
"c:\xampp\htdocs\mvc\app\library\selenium\vendor\php-webdriver\webdriver\lib\WebDriverKeyboard.php", "PHP", 8, 0, 0, 0, 0, 0, 0, 20, 5, 33
"c:\xampp\htdocs\mvc\app\library\selenium\vendor\php-webdriver\webdriver\lib\WebDriverKeys.php", "PHP", 109, 0, 0, 0, 0, 0, 0, 14, 10, 133
"c:\xampp\htdocs\mvc\app\library\selenium\vendor\php-webdriver\webdriver\lib\WebDriverMouse.php", "PHP", 16, 0, 0, 0, 0, 0, 0, 23, 9, 48
"c:\xampp\htdocs\mvc\app\library\selenium\vendor\php-webdriver\webdriver\lib\WebDriverNavigation.php", "PHP", 33, 0, 0, 0, 0, 0, 0, 0, 13, 46
"c:\xampp\htdocs\mvc\app\library\selenium\vendor\php-webdriver\webdriver\lib\WebDriverNavigationInterface.php", "PHP", 9, 0, 0, 0, 0, 0, 0, 29, 6, 44
"c:\xampp\htdocs\mvc\app\library\selenium\vendor\php-webdriver\webdriver\lib\WebDriverOptions.php", "PHP", 94, 0, 0, 0, 0, 0, 0, 63, 24, 181
"c:\xampp\htdocs\mvc\app\library\selenium\vendor\php-webdriver\webdriver\lib\WebDriverPlatform.php", "PHP", 16, 0, 0, 0, 0, 0, 0, 6, 4, 26
"c:\xampp\htdocs\mvc\app\library\selenium\vendor\php-webdriver\webdriver\lib\WebDriverPoint.php", "PHP", 37, 0, 0, 0, 0, 0, 0, 33, 11, 81
"c:\xampp\htdocs\mvc\app\library\selenium\vendor\php-webdriver\webdriver\lib\WebDriverRadios.php", "PHP", 39, 0, 0, 0, 0, 0, 0, 3, 11, 53
"c:\xampp\htdocs\mvc\app\library\selenium\vendor\php-webdriver\webdriver\lib\WebDriverSearchContext.php", "PHP", 7, 0, 0, 0, 0, 0, 0, 15, 4, 26
"c:\xampp\htdocs\mvc\app\library\selenium\vendor\php-webdriver\webdriver\lib\WebDriverSelect.php", "PHP", 192, 0, 0, 0, 0, 0, 0, 13, 39, 244
"c:\xampp\htdocs\mvc\app\library\selenium\vendor\php-webdriver\webdriver\lib\WebDriverSelectInterface.php", "PHP", 20, 0, 0, 0, 0, 0, 0, 93, 16, 129
"c:\xampp\htdocs\mvc\app\library\selenium\vendor\php-webdriver\webdriver\lib\WebDriverTargetLocator.php", "PHP", 12, 0, 0, 0, 0, 0, 0, 48, 10, 70
"c:\xampp\htdocs\mvc\app\library\selenium\vendor\php-webdriver\webdriver\lib\WebDriverTimeouts.php", "PHP", 59, 0, 0, 0, 0, 0, 0, 27, 17, 103
"c:\xampp\htdocs\mvc\app\library\selenium\vendor\php-webdriver\webdriver\lib\WebDriverUpAction.php", "PHP", 19, 0, 0, 0, 0, 0, 0, 4, 6, 29
"c:\xampp\htdocs\mvc\app\library\selenium\vendor\php-webdriver\webdriver\lib\WebDriverWait.php", "PHP", 40, 0, 0, 0, 0, 0, 0, 25, 9, 74
"c:\xampp\htdocs\mvc\app\library\selenium\vendor\php-webdriver\webdriver\lib\WebDriverWindow.php", "PHP", 103, 0, 0, 0, 0, 0, 0, 61, 25, 189
"c:\xampp\htdocs\mvc\app\library\selenium\vendor\php-webdriver\webdriver\lib\scripts\isElementDisplayed.js", "JavaScript", 0, 0, 0, 0, 0, 153, 0, 63, 4, 220
"c:\xampp\htdocs\mvc\app\library\selenium\vendor\symfony\polyfill-mbstring\Mbstring.php", "PHP", 650, 0, 0, 0, 0, 0, 0, 64, 161, 875
"c:\xampp\htdocs\mvc\app\library\selenium\vendor\symfony\polyfill-mbstring\README.md", "Markdown", 0, 0, 0, 0, 9, 0, 0, 0, 5, 14
"c:\xampp\htdocs\mvc\app\library\selenium\vendor\symfony\polyfill-mbstring\Resources\unidata\lowerCase.php", "PHP", 1396, 0, 0, 0, 0, 0, 0, 0, 2, 1398
"c:\xampp\htdocs\mvc\app\library\selenium\vendor\symfony\polyfill-mbstring\Resources\unidata\titleCaseRegexp.php", "PHP", 2, 0, 0, 0, 0, 0, 0, 1, 3, 6
"c:\xampp\htdocs\mvc\app\library\selenium\vendor\symfony\polyfill-mbstring\Resources\unidata\upperCase.php", "PHP", 1488, 0, 0, 0, 0, 0, 0, 0, 2, 1490
"c:\xampp\htdocs\mvc\app\library\selenium\vendor\symfony\polyfill-mbstring\bootstrap.php", "PHP", 131, 0, 0, 0, 0, 0, 0, 8, 9, 148
"c:\xampp\htdocs\mvc\app\library\selenium\vendor\symfony\polyfill-mbstring\bootstrap80.php", "PHP", 128, 0, 0, 0, 0, 0, 0, 8, 8, 144
"c:\xampp\htdocs\mvc\app\library\selenium\vendor\symfony\polyfill-mbstring\composer.json", "JSON", 0, 0, 0, 41, 0, 0, 0, 0, 1, 42
"c:\xampp\htdocs\mvc\app\library\selenium\vendor\symfony\process\CHANGELOG.md", "Markdown", 0, 0, 0, 0, 88, 0, 0, 0, 29, 117
"c:\xampp\htdocs\mvc\app\library\selenium\vendor\symfony\process\Exception\ExceptionInterface.php", "PHP", 5, 0, 0, 0, 0, 0, 0, 13, 4, 22
"c:\xampp\htdocs\mvc\app\library\selenium\vendor\symfony\process\Exception\InvalidArgumentException.php", "PHP", 5, 0, 0, 0, 0, 0, 0, 13, 4, 22
"c:\xampp\htdocs\mvc\app\library\selenium\vendor\symfony\process\Exception\LogicException.php", "PHP", 5, 0, 0, 0, 0, 0, 0, 13, 4, 22
"c:\xampp\htdocs\mvc\app\library\selenium\vendor\symfony\process\Exception\ProcessFailedException.php", "PHP", 31, 0, 0, 0, 0, 0, 0, 13, 11, 55
"c:\xampp\htdocs\mvc\app\library\selenium\vendor\symfony\process\Exception\ProcessSignaledException.php", "PHP", 20, 0, 0, 0, 0, 0, 0, 13, 9, 42
"c:\xampp\htdocs\mvc\app\library\selenium\vendor\symfony\process\Exception\ProcessTimedOutException.php", "PHP", 43, 0, 0, 0, 0, 0, 0, 13, 14, 70
"c:\xampp\htdocs\mvc\app\library\selenium\vendor\symfony\process\Exception\RuntimeException.php", "PHP", 5, 0, 0, 0, 0, 0, 0, 13, 4, 22
"c:\xampp\htdocs\mvc\app\library\selenium\vendor\symfony\process\ExecutableFinder.php", "PHP", 48, 0, 0, 0, 0, 0, 0, 28, 9, 85
"c:\xampp\htdocs\mvc\app\library\selenium\vendor\symfony\process\InputStream.php", "PHP", 50, 0, 0, 0, 0, 0, 0, 31, 12, 93
"c:\xampp\htdocs\mvc\app\library\selenium\vendor\symfony\process\PhpExecutableFinder.php", "PHP", 61, 0, 0, 0, 0, 0, 0, 21, 18, 100
"c:\xampp\htdocs\mvc\app\library\selenium\vendor\symfony\process\PhpProcess.php", "PHP", 34, 0, 0, 0, 0, 0, 0, 30, 9, 73
"c:\xampp\htdocs\mvc\app\library\selenium\vendor\symfony\process\Pipes\AbstractPipes.php", "PHP", 122, 0, 0, 0, 0, 0, 0, 36, 23, 181
"c:\xampp\htdocs\mvc\app\library\selenium\vendor\symfony\process\Pipes\PipesInterface.php", "PHP", 12, 0, 0, 0, 0, 0, 0, 40, 10, 62
"c:\xampp\htdocs\mvc\app\library\selenium\vendor\symfony\process\Pipes\UnixPipes.php", "PHP", 102, 0, 0, 0, 0, 0, 0, 35, 27, 164
"c:\xampp\htdocs\mvc\app\library\selenium\vendor\symfony\process\Pipes\WindowsPipes.php", "PHP", 138, 0, 0, 0, 0, 0, 0, 43, 24, 205
"c:\xampp\htdocs\mvc\app\library\selenium\vendor\symfony\process\Process.php", "PHP", 860, 0, 0, 0, 0, 0, 0, 511, 224, 1595
"c:\xampp\htdocs\mvc\app\library\selenium\vendor\symfony\process\ProcessUtils.php", "PHP", 34, 0, 0, 0, 0, 0, 0, 26, 8, 68
"c:\xampp\htdocs\mvc\app\library\selenium\vendor\symfony\process\README.md", "Markdown", 0, 0, 0, 0, 20, 0, 0, 0, 9, 29
"c:\xampp\htdocs\mvc\app\library\selenium\vendor\symfony\process\composer.json", "JSON", 0, 0, 0, 28, 0, 0, 0, 0, 1, 29
"c:\xampp\htdocs\mvc\app\library\stripe\composer.json", "JSON", 0, 0, 0, 5, 0, 0, 0, 0, 1, 6
"c:\xampp\htdocs\mvc\app\library\stripe\composer.lock", "JSON", 0, 0, 0, 80, 0, 0, 0, 0, 1, 81
"c:\xampp\htdocs\mvc\app\library\stripe\vendor\autoload.php", "PHP", 20, 0, 0, 0, 0, 0, 0, 1, 5, 26
"c:\xampp\htdocs\mvc\app\library\stripe\vendor\composer\ClassLoader.php", "PHP", 276, 0, 0, 0, 0, 0, 0, 240, 57, 573
"c:\xampp\htdocs\mvc\app\library\stripe\vendor\composer\InstalledVersions.php", "PHP", 174, 0, 0, 0, 0, 0, 0, 131, 48, 353
"c:\xampp\htdocs\mvc\app\library\stripe\vendor\composer\autoload_classmap.php", "PHP", 6, 0, 0, 0, 0, 0, 0, 1, 4, 11
"c:\xampp\htdocs\mvc\app\library\stripe\vendor\composer\autoload_namespaces.php", "PHP", 5, 0, 0, 0, 0, 0, 0, 1, 4, 10
"c:\xampp\htdocs\mvc\app\library\stripe\vendor\composer\autoload_psr4.php", "PHP", 6, 0, 0, 0, 0, 0, 0, 1, 4, 11
"c:\xampp\htdocs\mvc\app\library\stripe\vendor\composer\autoload_real.php", "PHP", 25, 0, 0, 0, 0, 0, 0, 4, 10, 39
"c:\xampp\htdocs\mvc\app\library\stripe\vendor\composer\autoload_static.php", "PHP", 28, 0, 0, 0, 0, 0, 0, 1, 8, 37
"c:\xampp\htdocs\mvc\app\library\stripe\vendor\composer\installed.json", "JSON", 0, 0, 0, 70, 0, 0, 0, 0, 1, 71
"c:\xampp\htdocs\mvc\app\library\stripe\vendor\composer\installed.php", "PHP", 32, 0, 0, 0, 0, 0, 0, 0, 1, 33
"c:\xampp\htdocs\mvc\app\library\stripe\vendor\composer\platform_check.php", "PHP", 21, 0, 0, 0, 0, 0, 0, 1, 5, 27
"c:\xampp\htdocs\mvc\app\library\stripe\vendor\stripe\stripe-php\CHANGELOG.md", "Markdown", 0, 0, 0, 0, 1283, 0, 0, 0, 677, 1960
"c:\xampp\htdocs\mvc\app\library\stripe\vendor\stripe\stripe-php\README.md", "Markdown", 0, 0, 0, 0, 201, 0, 0, 0, 98, 299
"c:\xampp\htdocs\mvc\app\library\stripe\vendor\stripe\stripe-php\composer.json", "JSON", 0, 0, 0, 48, 0, 0, 0, 0, 1, 49
"c:\xampp\htdocs\mvc\app\library\stripe\vendor\stripe\stripe-php\init.php", "PHP", 271, 0, 0, 0, 0, 0, 0, 14, 16, 301
"c:\xampp\htdocs\mvc\app\library\stripe\vendor\stripe\stripe-php\lib\Account.php", "PHP", 167, 0, 0, 0, 0, 0, 0, 197, 39, 403
"c:\xampp\htdocs\mvc\app\library\stripe\vendor\stripe\stripe-php\lib\AccountLink.php", "PHP", 7, 0, 0, 0, 0, 0, 0, 15, 5, 27
"c:\xampp\htdocs\mvc\app\library\stripe\vendor\stripe\stripe-php\lib\ApiOperations\All.php", "PHP", 20, 0, 0, 0, 0, 0, 0, 13, 5, 38
"c:\xampp\htdocs\mvc\app\library\stripe\vendor\stripe\stripe-php\lib\ApiOperations\Create.php", "PHP", 14, 0, 0, 0, 0, 0, 0, 13, 5, 32
"c:\xampp\htdocs\mvc\app\library\stripe\vendor\stripe\stripe-php\lib\ApiOperations\Delete.php", "PHP", 13, 0, 0, 0, 0, 0, 0, 13, 5, 31
"c:\xampp\htdocs\mvc\app\library\stripe\vendor\stripe\stripe-php\lib\ApiOperations\NestedResource.php", "PHP", 46, 0, 0, 0, 0, 0, 0, 73, 17, 136
"c:\xampp\htdocs\mvc\app\library\stripe\vendor\stripe\stripe-php\lib\ApiOperations\Request.php", "PHP", 43, 0, 0, 0, 0, 0, 0, 48, 10, 101
"c:\xampp\htdocs\mvc\app\library\stripe\vendor\stripe\stripe-php\lib\ApiOperations\Retrieve.php", "PHP", 12, 0, 0, 0, 0, 0, 0, 15, 4, 31
"c:\xampp\htdocs\mvc\app\library\stripe\vendor\stripe\stripe-php\lib\ApiOperations\Search.php", "PHP", 19, 0, 0, 0, 0, 0, 0, 14, 5, 38
"c:\xampp\htdocs\mvc\app\library\stripe\vendor\stripe\stripe-php\lib\ApiOperations\SingletonRetrieve.php", "PHP", 12, 0, 0, 0, 0, 0, 0, 15, 4, 31
"c:\xampp\htdocs\mvc\app\library\stripe\vendor\stripe\stripe-php\lib\ApiOperations\Update.php", "PHP", 24, 0, 0, 0, 0, 0, 0, 26, 7, 57
"c:\xampp\htdocs\mvc\app\library\stripe\vendor\stripe\stripe-php\lib\ApiRequestor.php", "PHP", 353, 0, 0, 0, 0, 0, 0, 181, 84, 618
"c:\xampp\htdocs\mvc\app\library\stripe\vendor\stripe\stripe-php\lib\ApiResource.php", "PHP", 64, 0, 0, 0, 0, 0, 0, 41, 18, 123
"c:\xampp\htdocs\mvc\app\library\stripe\vendor\stripe\stripe-php\lib\ApiResponse.php", "PHP", 17, 0, 0, 0, 0, 0, 0, 21, 8, 46
"c:\xampp\htdocs\mvc\app\library\stripe\vendor\stripe\stripe-php\lib\ApplePayDomain.php", "PHP", 14, 0, 0, 0, 0, 0, 0, 12, 6, 32
"c:\xampp\htdocs\mvc\app\library\stripe\vendor\stripe\stripe-php\lib\ApplicationFee.php", "PHP", 26, 0, 0, 0, 0, 0, 0, 55, 10, 91
"c:\xampp\htdocs\mvc\app\library\stripe\vendor\stripe\stripe-php\lib\ApplicationFeeRefund.php", "PHP", 31, 0, 0, 0, 0, 0, 0, 27, 9, 67
"c:\xampp\htdocs\mvc\app\library\stripe\vendor\stripe\stripe-php\lib\Apps\Secret.php", "PHP", 24, 0, 0, 0, 0, 0, 0, 47, 9, 80
"c:\xampp\htdocs\mvc\app\library\stripe\vendor\stripe\stripe-php\lib\Balance.php", "PHP", 7, 0, 0, 0, 0, 0, 0, 24, 5, 36
"c:\xampp\htdocs\mvc\app\library\stripe\vendor\stripe\stripe-php\lib\BalanceTransaction.php", "PHP", 40, 0, 0, 0, 0, 0, 0, 26, 6, 72
"c:\xampp\htdocs\mvc\app\library\stripe\vendor\stripe\stripe-php\lib\BankAccount.php", "PHP", 56, 0, 0, 0, 0, 0, 0, 63, 15, 134
"c:\xampp\htdocs\mvc\app\library\stripe\vendor\stripe\stripe-php\lib\BaseStripeClient.php", "PHP", 145, 0, 0, 0, 0, 0, 0, 125, 43, 313
"c:\xampp\htdocs\mvc\app\library\stripe\vendor\stripe\stripe-php\lib\BaseStripeClientInterface.php", "PHP", 10, 0, 0, 0, 0, 0, 0, 28, 7, 45
"c:\xampp\htdocs\mvc\app\library\stripe\vendor\stripe\stripe-php\lib\BillingPortal\Configuration.php", "PHP", 10, 0, 0, 0, 0, 0, 0, 19, 5, 34
"c:\xampp\htdocs\mvc\app\library\stripe\vendor\stripe\stripe-php\lib\BillingPortal\Session.php", "PHP", 7, 0, 0, 0, 0, 0, 0, 31, 5, 43
"c:\xampp\htdocs\mvc\app\library\stripe\vendor\stripe\stripe-php\lib\Capability.php", "PHP", 43, 0, 0, 0, 0, 0, 0, 33, 13, 89
"c:\xampp\htdocs\mvc\app\library\stripe\vendor\stripe\stripe-php\lib\Card.php", "PHP", 53, 0, 0, 0, 0, 0, 0, 71, 15, 139
"c:\xampp\htdocs\mvc\app\library\stripe\vendor\stripe\stripe-php\lib\CashBalance.php", "PHP", 28, 0, 0, 0, 0, 0, 0, 28, 11, 67
"c:\xampp\htdocs\mvc\app\library\stripe\vendor\stripe\stripe-php\lib\Charge.php", "PHP", 72, 0, 0, 0, 0, 0, 0, 84, 11, 167
"c:\xampp\htdocs\mvc\app\library\stripe\vendor\stripe\stripe-php\lib\Checkout\Session.php", "PHP", 43, 0, 0, 0, 0, 0, 0, 86, 16, 145
"c:\xampp\htdocs\mvc\app\library\stripe\vendor\stripe\stripe-php\lib\Collection.php", "PHP", 158, 0, 0, 0, 0, 0, 0, 118, 40, 316
"c:\xampp\htdocs\mvc\app\library\stripe\vendor\stripe\stripe-php\lib\CountrySpec.php", "PHP", 8, 0, 0, 0, 0, 0, 0, 18, 5, 31
"c:\xampp\htdocs\mvc\app\library\stripe\vendor\stripe\stripe-php\lib\Coupon.php", "PHP", 11, 0, 0, 0, 0, 0, 0, 30, 5, 46
"c:\xampp\htdocs\mvc\app\library\stripe\vendor\stripe\stripe-php\lib\CreditNote.php", "PHP", 47, 0, 0, 0, 0, 0, 0, 71, 16, 134
"c:\xampp\htdocs\mvc\app\library\stripe\vendor\stripe\stripe-php\lib\CreditNoteLineItem.php", "PHP", 6, 0, 0, 0, 0, 0, 0, 19, 4, 29
"c:\xampp\htdocs\mvc\app\library\stripe\vendor\stripe\stripe-php\lib\Customer.php", "PHP", 127, 0, 0, 0, 0, 0, 0, 233, 34, 394
"c:\xampp\htdocs\mvc\app\library\stripe\vendor\stripe\stripe-php\lib\CustomerBalanceTransaction.php", "PHP", 48, 0, 0, 0, 0, 0, 0, 44, 13, 105
"c:\xampp\htdocs\mvc\app\library\stripe\vendor\stripe\stripe-php\lib\CustomerCashBalanceTransaction.php", "PHP", 15, 0, 0, 0, 0, 0, 0, 22, 6, 43
"c:\xampp\htdocs\mvc\app\library\stripe\vendor\stripe\stripe-php\lib\Discount.php", "PHP", 6, 0, 0, 0, 0, 0, 0, 15, 3, 24
"c:\xampp\htdocs\mvc\app\library\stripe\vendor\stripe\stripe-php\lib\Dispute.php", "PHP", 38, 0, 0, 0, 0, 0, 0, 36, 9, 83
"c:\xampp\htdocs\mvc\app\library\stripe\vendor\stripe\stripe-php\lib\EphemeralKey.php", "PHP", 17, 0, 0, 0, 0, 0, 0, 18, 8, 43
"c:\xampp\htdocs\mvc\app\library\stripe\vendor\stripe\stripe-php\lib\ErrorObject.php", "PHP", 157, 0, 0, 0, 0, 0, 0, 48, 4, 209
"c:\xampp\htdocs\mvc\app\library\stripe\vendor\stripe\stripe-php\lib\Event.php", "PHP", 229, 0, 0, 0, 0, 0, 0, 50, 6, 285
"c:\xampp\htdocs\mvc\app\library\stripe\vendor\stripe\stripe-php\lib\Exception\ApiConnectionException.php", "PHP", 5, 0, 0, 0, 0, 0, 0, 5, 3, 13
"c:\xampp\htdocs\mvc\app\library\stripe\vendor\stripe\stripe-php\lib\Exception\ApiErrorException.php", "PHP", 102, 0, 0, 0, 0, 0, 0, 93, 25, 220
"c:\xampp\htdocs\mvc\app\library\stripe\vendor\stripe\stripe-php\lib\Exception\AuthenticationException.php", "PHP", 5, 0, 0, 0, 0, 0, 0, 4, 3, 12
"c:\xampp\htdocs\mvc\app\library\stripe\vendor\stripe\stripe-php\lib\Exception\BadMethodCallException.php", "PHP", 5, 0, 0, 0, 0, 0, 0, 0, 3, 8
"c:\xampp\htdocs\mvc\app\library\stripe\vendor\stripe\stripe-php\lib\Exception\CardException.php", "PHP", 38, 0, 0, 0, 0, 0, 0, 38, 9, 85
"c:\xampp\htdocs\mvc\app\library\stripe\vendor\stripe\stripe-php\lib\Exception\ExceptionInterface.php", "PHP", 11, 0, 0, 0, 0, 0, 0, 9, 3, 23
"c:\xampp\htdocs\mvc\app\library\stripe\vendor\stripe\stripe-php\lib\Exception\IdempotencyException.php", "PHP", 5, 0, 0, 0, 0, 0, 0, 4, 3, 12
"c:\xampp\htdocs\mvc\app\library\stripe\vendor\stripe\stripe-php\lib\Exception\InvalidArgumentException.php", "PHP", 5, 0, 0, 0, 0, 0, 0, 0, 3, 8
"c:\xampp\htdocs\mvc\app\library\stripe\vendor\stripe\stripe-php\lib\Exception\InvalidRequestException.php", "PHP", 27, 0, 0, 0, 0, 0, 0, 27, 7, 61
"c:\xampp\htdocs\mvc\app\library\stripe\vendor\stripe\stripe-php\lib\Exception\OAuth\ExceptionInterface.php", "PHP", 5, 0, 0, 0, 0, 0, 0, 3, 3, 11
"c:\xampp\htdocs\mvc\app\library\stripe\vendor\stripe\stripe-php\lib\Exception\OAuth\InvalidClientException.php", "PHP", 5, 0, 0, 0, 0, 0, 0, 5, 3, 13
"c:\xampp\htdocs\mvc\app\library\stripe\vendor\stripe\stripe-php\lib\Exception\OAuth\InvalidGrantException.php", "PHP", 5, 0, 0, 0, 0, 0, 0, 6, 3, 14
"c:\xampp\htdocs\mvc\app\library\stripe\vendor\stripe\stripe-php\lib\Exception\OAuth\InvalidRequestException.php", "PHP", 5, 0, 0, 0, 0, 0, 0, 4, 3, 12
"c:\xampp\htdocs\mvc\app\library\stripe\vendor\stripe\stripe-php\lib\Exception\OAuth\InvalidScopeException.php", "PHP", 5, 0, 0, 0, 0, 0, 0, 3, 3, 11
"c:\xampp\htdocs\mvc\app\library\stripe\vendor\stripe\stripe-php\lib\Exception\OAuth\OAuthErrorException.php", "PHP", 12, 0, 0, 0, 0, 0, 0, 4, 4, 20
"c:\xampp\htdocs\mvc\app\library\stripe\vendor\stripe\stripe-php\lib\Exception\OAuth\UnknownOAuthErrorException.php", "PHP", 5, 0, 0, 0, 0, 0, 0, 5, 3, 13
"c:\xampp\htdocs\mvc\app\library\stripe\vendor\stripe\stripe-php\lib\Exception\OAuth\UnsupportedGrantTypeException.php", "PHP", 5, 0, 0, 0, 0, 0, 0, 4, 3, 12
"c:\xampp\htdocs\mvc\app\library\stripe\vendor\stripe\stripe-php\lib\Exception\OAuth\UnsupportedResponseTypeException.php", "PHP", 5, 0, 0, 0, 0, 0, 0, 4, 3, 12
"c:\xampp\htdocs\mvc\app\library\stripe\vendor\stripe\stripe-php\lib\Exception\PermissionException.php", "PHP", 5, 0, 0, 0, 0, 0, 0, 4, 3, 12
"c:\xampp\htdocs\mvc\app\library\stripe\vendor\stripe\stripe-php\lib\Exception\RateLimitException.php", "PHP", 5, 0, 0, 0, 0, 0, 0, 5, 3, 13
"c:\xampp\htdocs\mvc\app\library\stripe\vendor\stripe\stripe-php\lib\Exception\SignatureVerificationException.php", "PHP", 33, 0, 0, 0, 0, 0, 0, 33, 9, 75
"c:\xampp\htdocs\mvc\app\library\stripe\vendor\stripe\stripe-php\lib\Exception\UnexpectedValueException.php", "PHP", 5, 0, 0, 0, 0, 0, 0, 0, 3, 8
"c:\xampp\htdocs\mvc\app\library\stripe\vendor\stripe\stripe-php\lib\Exception\UnknownApiErrorException.php", "PHP", 5, 0, 0, 0, 0, 0, 0, 5, 3, 13
"c:\xampp\htdocs\mvc\app\library\stripe\vendor\stripe\stripe-php\lib\ExchangeRate.php", "PHP", 8, 0, 0, 0, 0, 0, 0, 18, 5, 31
"c:\xampp\htdocs\mvc\app\library\stripe\vendor\stripe\stripe-php\lib\File.php", "PHP", 36, 0, 0, 0, 0, 0, 0, 38, 10, 84
"c:\xampp\htdocs\mvc\app\library\stripe\vendor\stripe\stripe-php\lib\FileLink.php", "PHP", 10, 0, 0, 0, 0, 0, 0, 16, 5, 31
"c:\xampp\htdocs\mvc\app\library\stripe\vendor\stripe\stripe-php\lib\FinancialConnections\Account.php", "PHP", 43, 0, 0, 0, 0, 0, 0, 48, 14, 105
"c:\xampp\htdocs\mvc\app\library\stripe\vendor\stripe\stripe-php\lib\FinancialConnections\AccountOwner.php", "PHP", 6, 0, 0, 0, 0, 0, 0, 11, 4, 21
"c:\xampp\htdocs\mvc\app\library\stripe\vendor\stripe\stripe-php\lib\FinancialConnections\AccountOwnership.php", "PHP", 6, 0, 0, 0, 0, 0, 0, 9, 4, 19
"c:\xampp\htdocs\mvc\app\library\stripe\vendor\stripe\stripe-php\lib\FinancialConnections\Session.php", "PHP", 8, 0, 0, 0, 0, 0, 0, 15, 5, 28
"c:\xampp\htdocs\mvc\app\library\stripe\vendor\stripe\stripe-php\lib\FundingInstructions.php", "PHP", 7, 0, 0, 0, 0, 0, 0, 17, 5, 29
"c:\xampp\htdocs\mvc\app\library\stripe\vendor\stripe\stripe-php\lib\HttpClient\ClientInterface.php", "PHP", 6, 0, 0, 0, 0, 0, 0, 14, 3, 23
"c:\xampp\htdocs\mvc\app\library\stripe\vendor\stripe\stripe-php\lib\HttpClient\CurlClient.php", "PHP", 423, 0, 0, 0, 0, 0, 0, 199, 118, 740
"c:\xampp\htdocs\mvc\app\library\stripe\vendor\stripe\stripe-php\lib\HttpClient\StreamingClientInterface.php", "PHP", 6, 0, 0, 0, 0, 0, 0, 15, 3, 24
"c:\xampp\htdocs\mvc\app\library\stripe\vendor\stripe\stripe-php\lib\Identity\VerificationReport.php", "PHP", 10, 0, 0, 0, 0, 0, 0, 30, 6, 46
"c:\xampp\htdocs\mvc\app\library\stripe\vendor\stripe\stripe-php\lib\Identity\VerificationSession.php", "PHP", 30, 0, 0, 0, 0, 0, 0, 48, 11, 89
"c:\xampp\htdocs\mvc\app\library\stripe\vendor\stripe\stripe-php\lib\Invoice.php", "PHP", 93, 0, 0, 0, 0, 0, 0, 191, 27, 311
"c:\xampp\htdocs\mvc\app\library\stripe\vendor\stripe\stripe-php\lib\InvoiceItem.php", "PHP", 11, 0, 0, 0, 0, 0, 0, 48, 5, 64
"c:\xampp\htdocs\mvc\app\library\stripe\vendor\stripe\stripe-php\lib\InvoiceLineItem.php", "PHP", 6, 0, 0, 0, 0, 0, 0, 27, 4, 37
"c:\xampp\htdocs\mvc\app\library\stripe\vendor\stripe\stripe-php\lib\Issuing\Authorization.php", "PHP", 23, 0, 0, 0, 0, 0, 0, 52, 9, 84
"c:\xampp\htdocs\mvc\app\library\stripe\vendor\stripe\stripe-php\lib\Issuing\Card.php", "PHP", 10, 0, 0, 0, 0, 0, 0, 29, 5, 44
"c:\xampp\htdocs\mvc\app\library\stripe\vendor\stripe\stripe-php\lib\Issuing\CardDetails.php", "PHP", 6, 0, 0, 0, 0, 0, 0, 11, 3, 20
"c:\xampp\htdocs\mvc\app\library\stripe\vendor\stripe\stripe-php\lib\Issuing\Cardholder.php", "PHP", 10, 0, 0, 0, 0, 0, 0, 25, 5, 40
"c:\xampp\htdocs\mvc\app\library\stripe\vendor\stripe\stripe-php\lib\Issuing\Dispute.php", "PHP", 17, 0, 0, 0, 0, 0, 0, 31, 7, 55
"c:\xampp\htdocs\mvc\app\library\stripe\vendor\stripe\stripe-php\lib\Issuing\Transaction.php", "PHP", 9, 0, 0, 0, 0, 0, 0, 32, 5, 46
"c:\xampp\htdocs\mvc\app\library\stripe\vendor\stripe\stripe-php\lib\LineItem.php", "PHP", 6, 0, 0, 0, 0, 0, 0, 17, 4, 27
"c:\xampp\htdocs\mvc\app\library\stripe\vendor\stripe\stripe-php\lib\LoginLink.php", "PHP", 6, 0, 0, 0, 0, 0, 0, 6, 4, 16
"c:\xampp\htdocs\mvc\app\library\stripe\vendor\stripe\stripe-php\lib\Mandate.php", "PHP", 7, 0, 0, 0, 0, 0, 0, 16, 5, 28
"c:\xampp\htdocs\mvc\app\library\stripe\vendor\stripe\stripe-php\lib\OAuth.php", "PHP", 60, 0, 0, 0, 0, 0, 0, 29, 13, 102
"c:\xampp\htdocs\mvc\app\library\stripe\vendor\stripe\stripe-php\lib\OAuthErrorObject.php", "PHP", 13, 0, 0, 0, 0, 0, 0, 16, 3, 32
"c:\xampp\htdocs\mvc\app\library\stripe\vendor\stripe\stripe-php\lib\PaymentIntent.php", "PHP", 65, 0, 0, 0, 0, 0, 0, 111, 20, 196
"c:\xampp\htdocs\mvc\app\library\stripe\vendor\stripe\stripe-php\lib\PaymentLink.php", "PHP", 28, 0, 0, 0, 0, 0, 0, 54, 11, 93
"c:\xampp\htdocs\mvc\app\library\stripe\vendor\stripe\stripe-php\lib\PaymentMethod.php", "PHP", 24, 0, 0, 0, 0, 0, 0, 69, 9, 102
"c:\xampp\htdocs\mvc\app\library\stripe\vendor\stripe\stripe-php\lib\Payout.php", "PHP", 51, 0, 0, 0, 0, 0, 0, 51, 14, 116
"c:\xampp\htdocs\mvc\app\library\stripe\vendor\stripe\stripe-php\lib\Person.php", "PHP", 47, 0, 0, 0, 0, 0, 0, 63, 15, 125
"c:\xampp\htdocs\mvc\app\library\stripe\vendor\stripe\stripe-php\lib\Plan.php", "PHP", 11, 0, 0, 0, 0, 0, 0, 42, 5, 58
"c:\xampp\htdocs\mvc\app\library\stripe\vendor\stripe\stripe-php\lib\Price.php", "PHP", 25, 0, 0, 0, 0, 0, 0, 50, 11, 86
"c:\xampp\htdocs\mvc\app\library\stripe\vendor\stripe\stripe-php\lib\Product.php", "PHP", 19, 0, 0, 0, 0, 0, 0, 47, 8, 74
"c:\xampp\htdocs\mvc\app\library\stripe\vendor\stripe\stripe-php\lib\PromotionCode.php", "PHP", 10, 0, 0, 0, 0, 0, 0, 20, 5, 35
"c:\xampp\htdocs\mvc\app\library\stripe\vendor\stripe\stripe-php\lib\Quote.php", "PHP", 62, 0, 0, 0, 0, 0, 0, 91, 19, 172
"c:\xampp\htdocs\mvc\app\library\stripe\vendor\stripe\stripe-php\lib\Radar\EarlyFraudWarning.php", "PHP", 15, 0, 0, 0, 0, 0, 0, 18, 6, 39
"c:\xampp\htdocs\mvc\app\library\stripe\vendor\stripe\stripe-php\lib\Radar\ValueList.php", "PHP", 11, 0, 0, 0, 0, 0, 0, 20, 5, 36
"c:\xampp\htdocs\mvc\app\library\stripe\vendor\stripe\stripe-php\lib\Radar\ValueListItem.php", "PHP", 10, 0, 0, 0, 0, 0, 0, 17, 5, 32
"c:\xampp\htdocs\mvc\app\library\stripe\vendor\stripe\stripe-php\lib\RecipientTransfer.php", "PHP", 6, 0, 0, 0, 0, 0, 0, 28, 3, 37
"c:\xampp\htdocs\mvc\app\library\stripe\vendor\stripe\stripe-php\lib\Refund.php", "PHP", 29, 0, 0, 0, 0, 0, 0, 36, 10, 75
"c:\xampp\htdocs\mvc\app\library\stripe\vendor\stripe\stripe-php\lib\Reporting\ReportRun.php", "PHP", 9, 0, 0, 0, 0, 0, 0, 24, 5, 38
"c:\xampp\htdocs\mvc\app\library\stripe\vendor\stripe\stripe-php\lib\Reporting\ReportType.php", "PHP", 8, 0, 0, 0, 0, 0, 0, 23, 5, 36
"c:\xampp\htdocs\mvc\app\library\stripe\vendor\stripe\stripe-php\lib\RequestTelemetry.php", "PHP", 12, 0, 0, 0, 0, 0, 0, 11, 4, 27
"c:\xampp\htdocs\mvc\app\library\stripe\vendor\stripe\stripe-php\lib\Review.php", "PHP", 21, 0, 0, 0, 0, 0, 0, 38, 8, 67
"c:\xampp\htdocs\mvc\app\library\stripe\vendor\stripe\stripe-php\lib\SearchResult.php", "PHP", 110, 0, 0, 0, 0, 0, 0, 99, 29, 238
"c:\xampp\htdocs\mvc\app\library\stripe\vendor\stripe\stripe-php\lib\Service\AbstractService.php", "PHP", 58, 0, 0, 0, 0, 0, 0, 32, 16, 106
"c:\xampp\htdocs\mvc\app\library\stripe\vendor\stripe\stripe-php\lib\Service\AbstractServiceFactory.php", "PHP", 29, 0, 0, 0, 0, 0, 0, 30, 11, 70
"c:\xampp\htdocs\mvc\app\library\stripe\vendor\stripe\stripe-php\lib\Service\AccountLinkService.php", "PHP", 9, 0, 0, 0, 0, 0, 0, 13, 4, 26
"c:\xampp\htdocs\mvc\app\library\stripe\vendor\stripe\stripe-php\lib\Service\AccountService.php", "PHP", 88, 0, 0, 0, 0, 0, 0, 281, 24, 393
"c:\xampp\htdocs\mvc\app\library\stripe\vendor\stripe\stripe-php\lib\Service\ApplePayDomainService.php", "PHP", 21, 0, 0, 0, 0, 0, 0, 43, 7, 71
"c:\xampp\htdocs\mvc\app\library\stripe\vendor\stripe\stripe-php\lib\Service\ApplicationFeeService.php", "PHP", 29, 0, 0, 0, 0, 0, 0, 88, 9, 126
"c:\xampp\htdocs\mvc\app\library\stripe\vendor\stripe\stripe-php\lib\Service\Apps\AppsServiceFactory.php", "PHP", 12, 0, 0, 0, 0, 0, 0, 9, 5, 26
"c:\xampp\htdocs\mvc\app\library\stripe\vendor\stripe\stripe-php\lib\Service\Apps\SecretService.php", "PHP", 21, 0, 0, 0, 0, 0, 0, 41, 7, 69
"c:\xampp\htdocs\mvc\app\library\stripe\vendor\stripe\stripe-php\lib\Service\BalanceService.php", "PHP", 9, 0, 0, 0, 0, 0, 0, 14, 4, 27
"c:\xampp\htdocs\mvc\app\library\stripe\vendor\stripe\stripe-php\lib\Service\BalanceTransactionService.php", "PHP", 13, 0, 0, 0, 0, 0, 0, 30, 5, 48
"c:\xampp\htdocs\mvc\app\library\stripe\vendor\stripe\stripe-php\lib\Service\BillingPortal\BillingPortalServiceFactory.php", "PHP", 13, 0, 0, 0, 0, 0, 0, 10, 5, 28
"c:\xampp\htdocs\mvc\app\library\stripe\vendor\stripe\stripe-php\lib\Service\BillingPortal\ConfigurationService.php", "PHP", 21, 0, 0, 0, 0, 0, 0, 46, 7, 74
"c:\xampp\htdocs\mvc\app\library\stripe\vendor\stripe\stripe-php\lib\Service\BillingPortal\SessionService.php", "PHP", 9, 0, 0, 0, 0, 0, 0, 11, 4, 24
"c:\xampp\htdocs\mvc\app\library\stripe\vendor\stripe\stripe-php\lib\Service\ChargeService.php", "PHP", 29, 0, 0, 0, 0, 0, 0, 85, 9, 123
"c:\xampp\htdocs\mvc\app\library\stripe\vendor\stripe\stripe-php\lib\Service\Checkout\CheckoutServiceFactory.php", "PHP", 12, 0, 0, 0, 0, 0, 0, 9, 5, 26
"c:\xampp\htdocs\mvc\app\library\stripe\vendor\stripe\stripe-php\lib\Service\Checkout\SessionService.php", "PHP", 25, 0, 0, 0, 0, 0, 0, 60, 8, 93
"c:\xampp\htdocs\mvc\app\library\stripe\vendor\stripe\stripe-php\lib\Service\CoreServiceFactory.php", "PHP", 68, 0, 0, 0, 0, 0, 0, 65, 5, 138
"c:\xampp\htdocs\mvc\app\library\stripe\vendor\stripe\stripe-php\lib\Service\CountrySpecService.php", "PHP", 13, 0, 0, 0, 0, 0, 0, 22, 5, 40
"c:\xampp\htdocs\mvc\app\library\stripe\vendor\stripe\stripe-php\lib\Service\CouponService.php", "PHP", 25, 0, 0, 0, 0, 0, 0, 72, 8, 105
"c:\xampp\htdocs\mvc\app\library\stripe\vendor\stripe\stripe-php\lib\Service\CreditNoteService.php", "PHP", 37, 0, 0, 0, 0, 0, 0, 109, 11, 157
"c:\xampp\htdocs\mvc\app\library\stripe\vendor\stripe\stripe-php\lib\Service\CustomerService.php", "PHP", 117, 0, 0, 0, 0, 0, 0, 345, 31, 493
"c:\xampp\htdocs\mvc\app\library\stripe\vendor\stripe\stripe-php\lib\Service\DisputeService.php", "PHP", 21, 0, 0, 0, 0, 0, 0, 56, 7, 84
"c:\xampp\htdocs\mvc\app\library\stripe\vendor\stripe\stripe-php\lib\Service\EphemeralKeyService.php", "PHP", 16, 0, 0, 0, 0, 0, 0, 22, 6, 44
"c:\xampp\htdocs\mvc\app\library\stripe\vendor\stripe\stripe-php\lib\Service\EventService.php", "PHP", 13, 0, 0, 0, 0, 0, 0, 27, 5, 45
"c:\xampp\htdocs\mvc\app\library\stripe\vendor\stripe\stripe-php\lib\Service\ExchangeRateService.php", "PHP", 13, 0, 0, 0, 0, 0, 0, 24, 5, 42
"c:\xampp\htdocs\mvc\app\library\stripe\vendor\stripe\stripe-php\lib\Service\FileLinkService.php", "PHP", 21, 0, 0, 0, 0, 0, 0, 43, 7, 71
"c:\xampp\htdocs\mvc\app\library\stripe\vendor\stripe\stripe-php\lib\Service\FileService.php", "PHP", 22, 0, 0, 0, 0, 0, 0, 37, 8, 67
"c:\xampp\htdocs\mvc\app\library\stripe\vendor\stripe\stripe-php\lib\Service\FinancialConnections\AccountService.php", "PHP", 25, 0, 0, 0, 0, 0, 0, 57, 8, 90
"c:\xampp\htdocs\mvc\app\library\stripe\vendor\stripe\stripe-php\lib\Service\FinancialConnections\FinancialConnectionsServiceFactory.php", "PHP", 13, 0, 0, 0, 0, 0, 0, 10, 5, 28
"c:\xampp\htdocs\mvc\app\library\stripe\vendor\stripe\stripe-php\lib\Service\FinancialConnections\SessionService.php", "PHP", 13, 0, 0, 0, 0, 0, 0, 24, 5, 42
"c:\xampp\htdocs\mvc\app\library\stripe\vendor\stripe\stripe-php\lib\Service\Identity\IdentityServiceFactory.php", "PHP", 13, 0, 0, 0, 0, 0, 0, 10, 5, 28
"c:\xampp\htdocs\mvc\app\library\stripe\vendor\stripe\stripe-php\lib\Service\Identity\VerificationReportService.php", "PHP", 13, 0, 0, 0, 0, 0, 0, 22, 5, 40
"c:\xampp\htdocs\mvc\app\library\stripe\vendor\stripe\stripe-php\lib\Service\Identity\VerificationSessionService.php", "PHP", 29, 0, 0, 0, 0, 0, 0, 109, 9, 147
"c:\xampp\htdocs\mvc\app\library\stripe\vendor\stripe\stripe-php\lib\Service\InvoiceItemService.php", "PHP", 25, 0, 0, 0, 0, 0, 0, 61, 8, 94
"c:\xampp\htdocs\mvc\app\library\stripe\vendor\stripe\stripe-php\lib\Service\InvoiceService.php", "PHP", 61, 0, 0, 0, 0, 0, 0, 213, 17, 291
"c:\xampp\htdocs\mvc\app\library\stripe\vendor\stripe\stripe-php\lib\Service\Issuing\AuthorizationService.php", "PHP", 25, 0, 0, 0, 0, 0, 0, 69, 8, 102
"c:\xampp\htdocs\mvc\app\library\stripe\vendor\stripe\stripe-php\lib\Service\Issuing\CardService.php", "PHP", 21, 0, 0, 0, 0, 0, 0, 46, 7, 74
"c:\xampp\htdocs\mvc\app\library\stripe\vendor\stripe\stripe-php\lib\Service\Issuing\CardholderService.php", "PHP", 21, 0, 0, 0, 0, 0, 0, 47, 7, 75
"c:\xampp\htdocs\mvc\app\library\stripe\vendor\stripe\stripe-php\lib\Service\Issuing\DisputeService.php", "PHP", 25, 0, 0, 0, 0, 0, 0, 67, 8, 100
"c:\xampp\htdocs\mvc\app\library\stripe\vendor\stripe\stripe-php\lib\Service\Issuing\IssuingServiceFactory.php", "PHP", 16, 0, 0, 0, 0, 0, 0, 13, 5, 34
"c:\xampp\htdocs\mvc\app\library\stripe\vendor\stripe\stripe-php\lib\Service\Issuing\TransactionService.php", "PHP", 17, 0, 0, 0, 0, 0, 0, 37, 6, 60
"c:\xampp\htdocs\mvc\app\library\stripe\vendor\stripe\stripe-php\lib\Service\MandateService.php", "PHP", 9, 0, 0, 0, 0, 0, 0, 12, 4, 25
"c:\xampp\htdocs\mvc\app\library\stripe\vendor\stripe\stripe-php\lib\Service\OAuthService.php", "PHP", 76, 0, 0, 0, 0, 0, 0, 54, 21, 151
"c:\xampp\htdocs\mvc\app\library\stripe\vendor\stripe\stripe-php\lib\Service\PaymentIntentService.php", "PHP", 49, 0, 0, 0, 0, 0, 0, 213, 14, 276
"c:\xampp\htdocs\mvc\app\library\stripe\vendor\stripe\stripe-php\lib\Service\PaymentLinkService.php", "PHP", 25, 0, 0, 0, 0, 0, 0, 57, 8, 90
"c:\xampp\htdocs\mvc\app\library\stripe\vendor\stripe\stripe-php\lib\Service\PaymentMethodService.php", "PHP", 29, 0, 0, 0, 0, 0, 0, 98, 9, 136
"c:\xampp\htdocs\mvc\app\library\stripe\vendor\stripe\stripe-php\lib\Service\PayoutService.php", "PHP", 29, 0, 0, 0, 0, 0, 0, 90, 9, 128
"c:\xampp\htdocs\mvc\app\library\stripe\vendor\stripe\stripe-php\lib\Service\PlanService.php", "PHP", 25, 0, 0, 0, 0, 0, 0, 59, 8, 92
"c:\xampp\htdocs\mvc\app\library\stripe\vendor\stripe\stripe-php\lib\Service\PriceService.php", "PHP", 25, 0, 0, 0, 0, 0, 0, 60, 8, 93
"c:\xampp\htdocs\mvc\app\library\stripe\vendor\stripe\stripe-php\lib\Service\ProductService.php", "PHP", 29, 0, 0, 0, 0, 0, 0, 75, 9, 113
"c:\xampp\htdocs\mvc\app\library\stripe\vendor\stripe\stripe-php\lib\Service\PromotionCodeService.php", "PHP", 21, 0, 0, 0, 0, 0, 0, 48, 7, 76
"c:\xampp\htdocs\mvc\app\library\stripe\vendor\stripe\stripe-php\lib\Service\QuoteService.php", "PHP", 49, 0, 0, 0, 0, 0, 0, 116, 13, 178
"c:\xampp\htdocs\mvc\app\library\stripe\vendor\stripe\stripe-php\lib\Service\Radar\EarlyFraudWarningService.php", "PHP", 13, 0, 0, 0, 0, 0, 0, 26, 5, 44
"c:\xampp\htdocs\mvc\app\library\stripe\vendor\stripe\stripe-php\lib\Service\Radar\RadarServiceFactory.php", "PHP", 14, 0, 0, 0, 0, 0, 0, 11, 5, 30
"c:\xampp\htdocs\mvc\app\library\stripe\vendor\stripe\stripe-php\lib\Service\Radar\ValueListItemService.php", "PHP", 21, 0, 0, 0, 0, 0, 0, 47, 7, 75
"c:\xampp\htdocs\mvc\app\library\stripe\vendor\stripe\stripe-php\lib\Service\Radar\ValueListService.php", "PHP", 25, 0, 0, 0, 0, 0, 0, 61, 8, 94
"c:\xampp\htdocs\mvc\app\library\stripe\vendor\stripe\stripe-php\lib\Service\RefundService.php", "PHP", 25, 0, 0, 0, 0, 0, 0, 63, 8, 96
"c:\xampp\htdocs\mvc\app\library\stripe\vendor\stripe\stripe-php\lib\Service\Reporting\ReportRunService.php", "PHP", 17, 0, 0, 0, 0, 0, 0, 33, 6, 56
"c:\xampp\htdocs\mvc\app\library\stripe\vendor\stripe\stripe-php\lib\Service\Reporting\ReportTypeService.php", "PHP", 13, 0, 0, 0, 0, 0, 0, 23, 5, 41
"c:\xampp\htdocs\mvc\app\library\stripe\vendor\stripe\stripe-php\lib\Service\Reporting\ReportingServiceFactory.php", "PHP", 13, 0, 0, 0, 0, 0, 0, 10, 5, 28
"c:\xampp\htdocs\mvc\app\library\stripe\vendor\stripe\stripe-php\lib\Service\ReviewService.php", "PHP", 17, 0, 0, 0, 0, 0, 0, 36, 6, 59
"c:\xampp\htdocs\mvc\app\library\stripe\vendor\stripe\stripe-php\lib\Service\SetupAttemptService.php", "PHP", 9, 0, 0, 0, 0, 0, 0, 11, 4, 24
"c:\xampp\htdocs\mvc\app\library\stripe\vendor\stripe\stripe-php\lib\Service\SetupIntentService.php", "PHP", 33, 0, 0, 0, 0, 0, 0, 101, 10, 144
"c:\xampp\htdocs\mvc\app\library\stripe\vendor\stripe\stripe-php\lib\Service\ShippingRateService.php", "PHP", 21, 0, 0, 0, 0, 0, 0, 43, 7, 71
"c:\xampp\htdocs\mvc\app\library\stripe\vendor\stripe\stripe-php\lib\Service\Sigma\ScheduledQueryRunService.php", "PHP", 13, 0, 0, 0, 0, 0, 0, 22, 5, 40
"c:\xampp\htdocs\mvc\app\library\stripe\vendor\stripe\stripe-php\lib\Service\Sigma\SigmaServiceFactory.php", "PHP", 12, 0, 0, 0, 0, 0, 0, 9, 5, 26
"c:\xampp\htdocs\mvc\app\library\stripe\vendor\stripe\stripe-php\lib\Service\SourceService.php", "PHP", 29, 0, 0, 0, 0, 0, 0, 75, 9, 113
"c:\xampp\htdocs\mvc\app\library\stripe\vendor\stripe\stripe-php\lib\Service\SubscriptionItemService.php", "PHP", 33, 0, 0, 0, 0, 0, 0, 109, 10, 152
"c:\xampp\htdocs\mvc\app\library\stripe\vendor\stripe\stripe-php\lib\Service\SubscriptionScheduleService.php", "PHP", 29, 0, 0, 0, 0, 0, 0, 76, 9, 114
"c:\xampp\htdocs\mvc\app\library\stripe\vendor\stripe\stripe-php\lib\Service\SubscriptionService.php", "PHP", 37, 0, 0, 0, 0, 0, 0, 129, 11, 177
"c:\xampp\htdocs\mvc\app\library\stripe\vendor\stripe\stripe-php\lib\Service\TaxCodeService.php", "PHP", 13, 0, 0, 0, 0, 0, 0, 24, 5, 42
"c:\xampp\htdocs\mvc\app\library\stripe\vendor\stripe\stripe-php\lib\Service\TaxRateService.php", "PHP", 21, 0, 0, 0, 0, 0, 0, 44, 7, 72
"c:\xampp\htdocs\mvc\app\library\stripe\vendor\stripe\stripe-php\lib\Service\Terminal\ConfigurationService.php", "PHP", 25, 0, 0, 0, 0, 0, 0, 54, 8, 87
"c:\xampp\htdocs\mvc\app\library\stripe\vendor\stripe\stripe-php\lib\Service\Terminal\ConnectionTokenService.php", "PHP", 9, 0, 0, 0, 0, 0, 0, 13, 4, 26
"c:\xampp\htdocs\mvc\app\library\stripe\vendor\stripe\stripe-php\lib\Service\Terminal\LocationService.php", "PHP", 25, 0, 0, 0, 0, 0, 0, 57, 8, 90
"c:\xampp\htdocs\mvc\app\library\stripe\vendor\stripe\stripe-php\lib\Service\Terminal\ReaderService.php", "PHP", 45, 0, 0, 0, 0, 0, 0, 110, 13, 168
"c:\xampp\htdocs\mvc\app\library\stripe\vendor\stripe\stripe-php\lib\Service\Terminal\TerminalServiceFactory.php", "PHP", 15, 0, 0, 0, 0, 0, 0, 12, 5, 32
"c:\xampp\htdocs\mvc\app\library\stripe\vendor\stripe\stripe-php\lib\Service\TestHelpers\CustomerService.php", "PHP", 9, 0, 0, 0, 0, 0, 0, 12, 4, 25
"c:\xampp\htdocs\mvc\app\library\stripe\vendor\stripe\stripe-php\lib\Service\TestHelpers\Issuing\CardService.php", "PHP", 21, 0, 0, 0, 0, 0, 0, 49, 7, 77
"c:\xampp\htdocs\mvc\app\library\stripe\vendor\stripe\stripe-php\lib\Service\TestHelpers\Issuing\IssuingServiceFactory.php", "PHP", 12, 0, 0, 0, 0, 0, 0, 9, 5, 26
"c:\xampp\htdocs\mvc\app\library\stripe\vendor\stripe\stripe-php\lib\Service\TestHelpers\RefundService.php", "PHP", 9, 0, 0, 0, 0, 0, 0, 12, 4, 25
"c:\xampp\htdocs\mvc\app\library\stripe\vendor\stripe\stripe-php\lib\Service\TestHelpers\Terminal\ReaderService.php", "PHP", 9, 0, 0, 0, 0, 0, 0, 13, 4, 26
"c:\xampp\htdocs\mvc\app\library\stripe\vendor\stripe\stripe-php\lib\Service\TestHelpers\Terminal\TerminalServiceFactory.php", "PHP", 12, 0, 0, 0, 0, 0, 0, 9, 5, 26
"c:\xampp\htdocs\mvc\app\library\stripe\vendor\stripe\stripe-php\lib\Service\TestHelpers\TestClockService.php", "PHP", 25, 0, 0, 0, 0, 0, 0, 55, 8, 88
"c:\xampp\htdocs\mvc\app\library\stripe\vendor\stripe\stripe-php\lib\Service\TestHelpers\TestHelpersServiceFactory.php", "PHP", 17, 0, 0, 0, 0, 0, 0, 14, 5, 36
"c:\xampp\htdocs\mvc\app\library\stripe\vendor\stripe\stripe-php\lib\Service\TestHelpers\Treasury\InboundTransferService.php", "PHP", 17, 0, 0, 0, 0, 0, 0, 40, 6, 63
"c:\xampp\htdocs\mvc\app\library\stripe\vendor\stripe\stripe-php\lib\Service\TestHelpers\Treasury\OutboundPaymentService.php", "PHP", 17, 0, 0, 0, 0, 0, 0, 40, 6, 63
"c:\xampp\htdocs\mvc\app\library\stripe\vendor\stripe\stripe-php\lib\Service\TestHelpers\Treasury\OutboundTransferService.php", "PHP", 17, 0, 0, 0, 0, 0, 0, 40, 6, 63
"c:\xampp\htdocs\mvc\app\library\stripe\vendor\stripe\stripe-php\lib\Service\TestHelpers\Treasury\ReceivedCreditService.php", "PHP", 9, 0, 0, 0, 0, 0, 0, 13, 4, 26
"c:\xampp\htdocs\mvc\app\library\stripe\vendor\stripe\stripe-php\lib\Service\TestHelpers\Treasury\ReceivedDebitService.php", "PHP", 9, 0, 0, 0, 0, 0, 0, 13, 4, 26
"c:\xampp\htdocs\mvc\app\library\stripe\vendor\stripe\stripe-php\lib\Service\TestHelpers\Treasury\TreasuryServiceFactory.php", "PHP", 16, 0, 0, 0, 0, 0, 0, 13, 5, 34
"c:\xampp\htdocs\mvc\app\library\stripe\vendor\stripe\stripe-php\lib\Service\TokenService.php", "PHP", 13, 0, 0, 0, 0, 0, 0, 25, 5, 43
"c:\xampp\htdocs\mvc\app\library\stripe\vendor\stripe\stripe-php\lib\Service\TopupService.php", "PHP", 25, 0, 0, 0, 0, 0, 0, 57, 8, 90
"c:\xampp\htdocs\mvc\app\library\stripe\vendor\stripe\stripe-php\lib\Service\TransferService.php", "PHP", 37, 0, 0, 0, 0, 0, 0, 114, 11, 162
"c:\xampp\htdocs\mvc\app\library\stripe\vendor\stripe\stripe-php\lib\Service\Treasury\CreditReversalService.php", "PHP", 17, 0, 0, 0, 0, 0, 0, 34, 6, 57
"c:\xampp\htdocs\mvc\app\library\stripe\vendor\stripe\stripe-php\lib\Service\Treasury\DebitReversalService.php", "PHP", 17, 0, 0, 0, 0, 0, 0, 32, 6, 55
"c:\xampp\htdocs\mvc\app\library\stripe\vendor\stripe\stripe-php\lib\Service\Treasury\FinancialAccountService.php", "PHP", 29, 0, 0, 0, 0, 0, 0, 66, 9, 104
"c:\xampp\htdocs\mvc\app\library\stripe\vendor\stripe\stripe-php\lib\Service\Treasury\InboundTransferService.php", "PHP", 21, 0, 0, 0, 0, 0, 0, 43, 7, 71
"c:\xampp\htdocs\mvc\app\library\stripe\vendor\stripe\stripe-php\lib\Service\Treasury\OutboundPaymentService.php", "PHP", 21, 0, 0, 0, 0, 0, 0, 45, 7, 73
"c:\xampp\htdocs\mvc\app\library\stripe\vendor\stripe\stripe-php\lib\Service\Treasury\OutboundTransferService.php", "PHP", 21, 0, 0, 0, 0, 0, 0, 45, 7, 73
"c:\xampp\htdocs\mvc\app\library\stripe\vendor\stripe\stripe-php\lib\Service\Treasury\ReceivedCreditService.php", "PHP", 13, 0, 0, 0, 0, 0, 0, 23, 5, 41
"c:\xampp\htdocs\mvc\app\library\stripe\vendor\stripe\stripe-php\lib\Service\Treasury\ReceivedDebitService.php", "PHP", 13, 0, 0, 0, 0, 0, 0, 23, 5, 41
"c:\xampp\htdocs\mvc\app\library\stripe\vendor\stripe\stripe-php\lib\Service\Treasury\TransactionEntryService.php", "PHP", 13, 0, 0, 0, 0, 0, 0, 22, 5, 40
"c:\xampp\htdocs\mvc\app\library\stripe\vendor\stripe\stripe-php\lib\Service\Treasury\TransactionService.php", "PHP", 13, 0, 0, 0, 0, 0, 0, 22, 5, 40
"c:\xampp\htdocs\mvc\app\library\stripe\vendor\stripe\stripe-php\lib\Service\Treasury\TreasuryServiceFactory.php", "PHP", 21, 0, 0, 0, 0, 0, 0, 18, 5, 44
"c:\xampp\htdocs\mvc\app\library\stripe\vendor\stripe\stripe-php\lib\Service\WebhookEndpointService.php", "PHP", 25, 0, 0, 0, 0, 0, 0, 65, 8, 98
"c:\xampp\htdocs\mvc\app\library\stripe\vendor\stripe\stripe-php\lib\SetupAttempt.php", "PHP", 7, 0, 0, 0, 0, 0, 0, 23, 5, 35
"c:\xampp\htdocs\mvc\app\library\stripe\vendor\stripe\stripe-php\lib\SetupIntent.php", "PHP", 37, 0, 0, 0, 0, 0, 0, 85, 12, 134
"c:\xampp\htdocs\mvc\app\library\stripe\vendor\stripe\stripe-php\lib\ShippingRate.php", "PHP", 14, 0, 0, 0, 0, 0, 0, 21, 7, 42
"c:\xampp\htdocs\mvc\app\library\stripe\vendor\stripe\stripe-php\lib\Sigma\ScheduledQueryRun.php", "PHP", 12, 0, 0, 0, 0, 0, 0, 20, 6, 38
"c:\xampp\htdocs\mvc\app\library\stripe\vendor\stripe\stripe-php\lib\SingletonApiResource.php", "PHP", 14, 0, 0, 0, 0, 0, 0, 12, 6, 32
"c:\xampp\htdocs\mvc\app\library\stripe\vendor\stripe\stripe-php\lib\Source.php", "PHP", 59, 0, 0, 0, 0, 0, 0, 81, 20, 160
"c:\xampp\htdocs\mvc\app\library\stripe\vendor\stripe\stripe-php\lib\SourceTransaction.php", "PHP", 6, 0, 0, 0, 0, 0, 0, 12, 3, 21
"c:\xampp\htdocs\mvc\app\library\stripe\vendor\stripe\stripe-php\lib\Stripe.php", "PHP", 125, 0, 0, 0, 0, 0, 0, 110, 44, 279
"c:\xampp\htdocs\mvc\app\library\stripe\vendor\stripe\stripe-php\lib\StripeClient.php", "PHP", 13, 0, 0, 0, 0, 0, 0, 65, 6, 84
"c:\xampp\htdocs\mvc\app\library\stripe\vendor\stripe\stripe-php\lib\StripeClientInterface.php", "PHP", 6, 0, 0, 0, 0, 0, 0, 13, 3, 22
"c:\xampp\htdocs\mvc\app\library\stripe\vendor\stripe\stripe-php\lib\StripeObject.php", "PHP", 330, 0, 0, 0, 0, 0, 0, 216, 64, 610
"c:\xampp\htdocs\mvc\app\library\stripe\vendor\stripe\stripe-php\lib\StripeStreamingClientInterface.php", "PHP", 6, 0, 0, 0, 0, 0, 0, 3, 3, 12
"c:\xampp\htdocs\mvc\app\library\stripe\vendor\stripe\stripe-php\lib\Subscription.php", "PHP", 65, 0, 0, 0, 0, 0, 0, 84, 19, 168
"c:\xampp\htdocs\mvc\app\library\stripe\vendor\stripe\stripe-php\lib\SubscriptionItem.php", "PHP", 22, 0, 0, 0, 0, 0, 0, 34, 9, 65
"c:\xampp\htdocs\mvc\app\library\stripe\vendor\stripe\stripe-php\lib\SubscriptionSchedule.php", "PHP", 24, 0, 0, 0, 0, 0, 0, 44, 9, 77
"c:\xampp\htdocs\mvc\app\library\stripe\vendor\stripe\stripe-php\lib\TaxCode.php", "PHP", 8, 0, 0, 0, 0, 0, 0, 10, 5, 23
"c:\xampp\htdocs\mvc\app\library\stripe\vendor\stripe\stripe-php\lib\TaxId.php", "PHP", 86, 0, 0, 0, 0, 0, 0, 28, 12, 126
"c:\xampp\htdocs\mvc\app\library\stripe\vendor\stripe\stripe-php\lib\TaxRate.php", "PHP", 20, 0, 0, 0, 0, 0, 0, 27, 6, 53
"c:\xampp\htdocs\mvc\app\library\stripe\vendor\stripe\stripe-php\lib\Terminal\Configuration.php", "PHP", 11, 0, 0, 0, 0, 0, 0, 13, 5, 29
"c:\xampp\htdocs\mvc\app\library\stripe\vendor\stripe\stripe-php\lib\Terminal\ConnectionToken.php", "PHP", 7, 0, 0, 0, 0, 0, 0, 11, 5, 23
"c:\xampp\htdocs\mvc\app\library\stripe\vendor\stripe\stripe-php\lib\Terminal\Location.php", "PHP", 11, 0, 0, 0, 0, 0, 0, 15, 5, 31
"c:\xampp\htdocs\mvc\app\library\stripe\vendor\stripe\stripe-php\lib\Terminal\Reader.php", "PHP", 46, 0, 0, 0, 0, 0, 0, 61, 15, 122
"c:\xampp\htdocs\mvc\app\library\stripe\vendor\stripe\stripe-php\lib\TestHelpers\TestClock.php", "PHP", 20, 0, 0, 0, 0, 0, 0, 26, 8, 54
"c:\xampp\htdocs\mvc\app\library\stripe\vendor\stripe\stripe-php\lib\Token.php", "PHP", 12, 0, 0, 0, 0, 0, 0, 40, 6, 58
"c:\xampp\htdocs\mvc\app\library\stripe\vendor\stripe\stripe-php\lib\Topup.php", "PHP", 22, 0, 0, 0, 0, 0, 0, 34, 8, 64
"c:\xampp\htdocs\mvc\app\library\stripe\vendor\stripe\stripe-php\lib\Transfer.php", "PHP", 31, 0, 0, 0, 0, 0, 0, 71, 11, 113
"c:\xampp\htdocs\mvc\app\library\stripe\vendor\stripe\stripe-php\lib\TransferReversal.php", "PHP", 31, 0, 0, 0, 0, 0, 0, 40, 9, 80
"c:\xampp\htdocs\mvc\app\library\stripe\vendor\stripe\stripe-php\lib\Treasury\CreditReversal.php", "PHP", 14, 0, 0, 0, 0, 0, 0, 22, 7, 43
"c:\xampp\htdocs\mvc\app\library\stripe\vendor\stripe\stripe-php\lib\Treasury\DebitReversal.php", "PHP", 14, 0, 0, 0, 0, 0, 0, 23, 7, 44
"c:\xampp\htdocs\mvc\app\library\stripe\vendor\stripe\stripe-php\lib\Treasury\FinancialAccount.php", "PHP", 27, 0, 0, 0, 0, 0, 0, 39, 10, 76
"c:\xampp\htdocs\mvc\app\library\stripe\vendor\stripe\stripe-php\lib\Treasury\FinancialAccountFeatures.php", "PHP", 6, 0, 0, 0, 0, 0, 0, 15, 4, 25
"c:\xampp\htdocs\mvc\app\library\stripe\vendor\stripe\stripe-php\lib\Treasury\InboundTransfer.php", "PHP", 20, 0, 0, 0, 0, 0, 0, 38, 8, 66
"c:\xampp\htdocs\mvc\app\library\stripe\vendor\stripe\stripe-php\lib\Treasury\OutboundPayment.php", "PHP", 21, 0, 0, 0, 0, 0, 0, 41, 8, 70
"c:\xampp\htdocs\mvc\app\library\stripe\vendor\stripe\stripe-php\lib\Treasury\OutboundTransfer.php", "PHP", 21, 0, 0, 0, 0, 0, 0, 41, 8, 70
"c:\xampp\htdocs\mvc\app\library\stripe\vendor\stripe\stripe-php\lib\Treasury\ReceivedCredit.php", "PHP", 17, 0, 0, 0, 0, 0, 0, 24, 8, 49
"c:\xampp\htdocs\mvc\app\library\stripe\vendor\stripe\stripe-php\lib\Treasury\ReceivedDebit.php", "PHP", 17, 0, 0, 0, 0, 0, 0, 23, 8, 48
"c:\xampp\htdocs\mvc\app\library\stripe\vendor\stripe\stripe-php\lib\Treasury\Transaction.php", "PHP", 20, 0, 0, 0, 0, 0, 0, 22, 7, 49
"c:\xampp\htdocs\mvc\app\library\stripe\vendor\stripe\stripe-php\lib\Treasury\TransactionEntry.php", "PHP", 37, 0, 0, 0, 0, 0, 0, 19, 7, 63
"c:\xampp\htdocs\mvc\app\library\stripe\vendor\stripe\stripe-php\lib\UsageRecord.php", "PHP", 6, 0, 0, 0, 0, 0, 0, 16, 4, 26
"c:\xampp\htdocs\mvc\app\library\stripe\vendor\stripe\stripe-php\lib\UsageRecordSummary.php", "PHP", 6, 0, 0, 0, 0, 0, 0, 10, 4, 20
"c:\xampp\htdocs\mvc\app\library\stripe\vendor\stripe\stripe-php\lib\Util\ApiVersion.php", "PHP", 6, 0, 0, 0, 0, 0, 0, 1, 4, 11
"c:\xampp\htdocs\mvc\app\library\stripe\vendor\stripe\stripe-php\lib\Util\CaseInsensitiveArray.php", "PHP", 55, 0, 0, 0, 0, 0, 0, 28, 14, 97
"c:\xampp\htdocs\mvc\app\library\stripe\vendor\stripe\stripe-php\lib\Util\DefaultLogger.php", "PHP", 18, 0, 0, 0, 0, 0, 0, 6, 6, 30
"c:\xampp\htdocs\mvc\app\library\stripe\vendor\stripe\stripe-php\lib\Util\LoggerInterface.php", "PHP", 6, 0, 0, 0, 0, 0, 0, 26, 3, 35
"c:\xampp\htdocs\mvc\app\library\stripe\vendor\stripe\stripe-php\lib\Util\ObjectTypes.php", "PHP", 111, 0, 0, 0, 0, 0, 0, 4, 4, 119
"c:\xampp\htdocs\mvc\app\library\stripe\vendor\stripe\stripe-php\lib\Util\RandomGenerator.php", "PHP", 16, 0, 0, 0, 0, 0, 0, 16, 5, 37
"c:\xampp\htdocs\mvc\app\library\stripe\vendor\stripe\stripe-php\lib\Util\RequestOptions.php", "PHP", 111, 0, 0, 0, 0, 0, 0, 37, 26, 174
"c:\xampp\htdocs\mvc\app\library\stripe\vendor\stripe\stripe-php\lib\Util\Set.php", "PHP", 36, 0, 0, 0, 0, 0, 0, 3, 10, 49
"c:\xampp\htdocs\mvc\app\library\stripe\vendor\stripe\stripe-php\lib\Util\Util.php", "PHP", 158, 0, 0, 0, 0, 0, 0, 71, 37, 266
"c:\xampp\htdocs\mvc\app\library\stripe\vendor\stripe\stripe-php\lib\Webhook.php", "PHP", 18, 0, 0, 0, 0, 0, 0, 18, 7, 43
"c:\xampp\htdocs\mvc\app\library\stripe\vendor\stripe\stripe-php\lib\WebhookEndpoint.php", "PHP", 11, 0, 0, 0, 0, 0, 0, 26, 5, 42
"c:\xampp\htdocs\mvc\app\library\stripe\vendor\stripe\stripe-php\lib\WebhookSignature.php", "PHP", 79, 0, 0, 0, 0, 0, 0, 46, 16, 141
"c:\xampp\htdocs\mvc\app\library\vendor\autoload.php", "PHP", 20, 0, 0, 0, 0, 0, 0, 1, 5, 26
"c:\xampp\htdocs\mvc\app\library\vendor\composer\ClassLoader.php", "PHP", 276, 0, 0, 0, 0, 0, 0, 240, 57, 573
"c:\xampp\htdocs\mvc\app\library\vendor\composer\InstalledVersions.php", "PHP", 174, 0, 0, 0, 0, 0, 0, 131, 48, 353
"c:\xampp\htdocs\mvc\app\library\vendor\composer\autoload_classmap.php", "PHP", 6, 0, 0, 0, 0, 0, 0, 1, 4, 11
"c:\xampp\htdocs\mvc\app\library\vendor\composer\autoload_namespaces.php", "PHP", 5, 0, 0, 0, 0, 0, 0, 1, 4, 10
"c:\xampp\htdocs\mvc\app\library\vendor\composer\autoload_psr4.php", "PHP", 6, 0, 0, 0, 0, 0, 0, 1, 4, 11
"c:\xampp\htdocs\mvc\app\library\vendor\composer\autoload_real.php", "PHP", 25, 0, 0, 0, 0, 0, 0, 4, 10, 39
"c:\xampp\htdocs\mvc\app\library\vendor\composer\autoload_static.php", "PHP", 28, 0, 0, 0, 0, 0, 0, 1, 8, 37
"c:\xampp\htdocs\mvc\app\library\vendor\composer\installed.json", "JSON", 0, 0, 0, 87, 0, 0, 0, 0, 1, 88
"c:\xampp\htdocs\mvc\app\library\vendor\composer\installed.php", "PHP", 32, 0, 0, 0, 0, 0, 0, 0, 1, 33
"c:\xampp\htdocs\mvc\app\library\vendor\composer\platform_check.php", "PHP", 21, 0, 0, 0, 0, 0, 0, 1, 5, 27
"c:\xampp\htdocs\mvc\app\library\vendor\phpmailer\phpmailer\README.md", "Markdown", 0, 0, 0, 0, 167, 0, 0, 0, 64, 231
"c:\xampp\htdocs\mvc\app\library\vendor\phpmailer\phpmailer\SECURITY.md", "Markdown", 0, 0, 0, 0, 19, 0, 0, 0, 19, 38
"c:\xampp\htdocs\mvc\app\library\vendor\phpmailer\phpmailer\composer.json", "JSON", 0, 0, 0, 76, 0, 0, 0, 0, 1, 77
"c:\xampp\htdocs\mvc\app\library\vendor\phpmailer\phpmailer\get_oauth_token.php", "PHP", 99, 0, 0, 0, 0, 0, 0, 47, 17, 163
"c:\xampp\htdocs\mvc\app\library\vendor\phpmailer\phpmailer\language\phpmailer.lang-af.php", "PHP", 20, 0, 0, 0, 0, 0, 0, 4, 3, 27
"c:\xampp\htdocs\mvc\app\library\vendor\phpmailer\phpmailer\language\phpmailer.lang-ar.php", "PHP", 20, 0, 0, 0, 0, 0, 0, 5, 3, 28
"c:\xampp\htdocs\mvc\app\library\vendor\phpmailer\phpmailer\language\phpmailer.lang-az.php", "PHP", 19, 0, 0, 0, 0, 0, 0, 6, 3, 28
"c:\xampp\htdocs\mvc\app\library\vendor\phpmailer\phpmailer\language\phpmailer.lang-ba.php", "PHP", 20, 0, 0, 0, 0, 0, 0, 5, 3, 28
"c:\xampp\htdocs\mvc\app\library\vendor\phpmailer\phpmailer\language\phpmailer.lang-be.php", "PHP", 19, 0, 0, 0, 0, 0, 0, 6, 3, 28
"c:\xampp\htdocs\mvc\app\library\vendor\phpmailer\phpmailer\language\phpmailer.lang-bg.php", "PHP", 20, 0, 0, 0, 0, 0, 0, 5, 3, 28
"c:\xampp\htdocs\mvc\app\library\vendor\phpmailer\phpmailer\language\phpmailer.lang-ca.php", "PHP", 19, 0, 0, 0, 0, 0, 0, 6, 3, 28
"c:\xampp\htdocs\mvc\app\library\vendor\phpmailer\phpmailer\language\phpmailer.lang-cs.php", "PHP", 22, 0, 0, 0, 0, 0, 0, 4, 3, 29
"c:\xampp\htdocs\mvc\app\library\vendor\phpmailer\phpmailer\language\phpmailer.lang-da.php", "PHP", 26, 0, 0, 0, 0, 0, 0, 7, 3, 36
"c:\xampp\htdocs\mvc\app\library\vendor\phpmailer\phpmailer\language\phpmailer.lang-de.php", "PHP", 22, 0, 0, 0, 0, 0, 0, 4, 3, 29
"c:\xampp\htdocs\mvc\app\library\vendor\phpmailer\phpmailer\language\phpmailer.lang-el.php", "PHP", 27, 0, 0, 0, 0, 0, 0, 4, 3, 34
"c:\xampp\htdocs\mvc\app\library\vendor\phpmailer\phpmailer\language\phpmailer.lang-eo.php", "PHP", 20, 0, 0, 0, 0, 0, 0, 4, 3, 27
"c:\xampp\htdocs\mvc\app\library\vendor\phpmailer\phpmailer\language\phpmailer.lang-es.php", "PHP", 20, 0, 0, 0, 0, 0, 0, 5, 3, 28
"c:\xampp\htdocs\mvc\app\library\vendor\phpmailer\phpmailer\language\phpmailer.lang-et.php", "PHP", 20, 0, 0, 0, 0, 0, 0, 6, 3, 29
"c:\xampp\htdocs\mvc\app\library\vendor\phpmailer\phpmailer\language\phpmailer.lang-fa.php", "PHP", 20, 0, 0, 0, 0, 0, 0, 6, 3, 29
"c:\xampp\htdocs\mvc\app\library\vendor\phpmailer\phpmailer\language\phpmailer.lang-fi.php", "PHP", 14, 0, 0, 0, 0, 0, 0, 12, 3, 29
"c:\xampp\htdocs\mvc\app\library\vendor\phpmailer\phpmailer\language\phpmailer.lang-fo.php", "PHP", 13, 0, 0, 0, 0, 0, 0, 12, 3, 28
"c:\xampp\htdocs\mvc\app\library\vendor\phpmailer\phpmailer\language\phpmailer.lang-fr.php", "PHP", 28, 0, 0, 0, 0, 0, 0, 8, 3, 39
"c:\xampp\htdocs\mvc\app\library\vendor\phpmailer\phpmailer\language\phpmailer.lang-gl.php", "PHP", 19, 0, 0, 0, 0, 0, 0, 6, 3, 28
"c:\xampp\htdocs\mvc\app\library\vendor\phpmailer\phpmailer\language\phpmailer.lang-he.php", "PHP", 19, 0, 0, 0, 0, 0, 0, 6, 3, 28
"c:\xampp\htdocs\mvc\app\library\vendor\phpmailer\phpmailer\language\phpmailer.lang-hi.php", "PHP", 20, 0, 0, 0, 0, 0, 0, 5, 3, 28
"c:\xampp\htdocs\mvc\app\library\vendor\phpmailer\phpmailer\language\phpmailer.lang-hr.php", "PHP", 20, 0, 0, 0, 0, 0, 0, 5, 3, 28
"c:\xampp\htdocs\mvc\app\library\vendor\phpmailer\phpmailer\language\phpmailer.lang-hu.php", "PHP", 20, 0, 0, 0, 0, 0, 0, 5, 3, 28
"c:\xampp\htdocs\mvc\app\library\vendor\phpmailer\phpmailer\language\phpmailer.lang-hy.php", "PHP", 20, 0, 0, 0, 0, 0, 0, 5, 3, 28
"c:\xampp\htdocs\mvc\app\library\vendor\phpmailer\phpmailer\language\phpmailer.lang-id.php", "PHP", 22, 0, 0, 0, 0, 0, 0, 7, 3, 32
"c:\xampp\htdocs\mvc\app\library\vendor\phpmailer\phpmailer\language\phpmailer.lang-it.php", "PHP", 20, 0, 0, 0, 0, 0, 0, 6, 3, 29
"c:\xampp\htdocs\mvc\app\library\vendor\phpmailer\phpmailer\language\phpmailer.lang-ja.php", "PHP", 20, 0, 0, 0, 0, 0, 0, 7, 3, 30
"c:\xampp\htdocs\mvc\app\library\vendor\phpmailer\phpmailer\language\phpmailer.lang-ka.php", "PHP", 20, 0, 0, 0, 0, 0, 0, 5, 3, 28
"c:\xampp\htdocs\mvc\app\library\vendor\phpmailer\phpmailer\language\phpmailer.lang-ko.php", "PHP", 20, 0, 0, 0, 0, 0, 0, 5, 3, 28
"c:\xampp\htdocs\mvc\app\library\vendor\phpmailer\phpmailer\language\phpmailer.lang-lt.php", "PHP", 19, 0, 0, 0, 0, 0, 0, 6, 3, 28
"c:\xampp\htdocs\mvc\app\library\vendor\phpmailer\phpmailer\language\phpmailer.lang-lv.php", "PHP", 19, 0, 0, 0, 0, 0, 0, 6, 3, 28
"c:\xampp\htdocs\mvc\app\library\vendor\phpmailer\phpmailer\language\phpmailer.lang-mg.php", "PHP", 20, 0, 0, 0, 0, 0, 0, 5, 3, 28
"c:\xampp\htdocs\mvc\app\library\vendor\phpmailer\phpmailer\language\phpmailer.lang-mn.php", "PHP", 20, 0, 0, 0, 0, 0, 0, 5, 3, 28
"c:\xampp\htdocs\mvc\app\library\vendor\phpmailer\phpmailer\language\phpmailer.lang-ms.php", "PHP", 20, 0, 0, 0, 0, 0, 0, 5, 3, 28
"c:\xampp\htdocs\mvc\app\library\vendor\phpmailer\phpmailer\language\phpmailer.lang-nb.php", "PHP", 20, 0, 0, 0, 0, 0, 0, 4, 3, 27
"c:\xampp\htdocs\mvc\app\library\vendor\phpmailer\phpmailer\language\phpmailer.lang-nl.php", "PHP", 27, 0, 0, 0, 0, 0, 0, 5, 3, 35
"c:\xampp\htdocs\mvc\app\library\vendor\phpmailer\phpmailer\language\phpmailer.lang-pl.php", "PHP", 20, 0, 0, 0, 0, 0, 0, 4, 3, 27
"c:\xampp\htdocs\mvc\app\library\vendor\phpmailer\phpmailer\language\phpmailer.lang-pt.php", "PHP", 20, 0, 0, 0, 0, 0, 0, 5, 3, 28
"c:\xampp\htdocs\mvc\app\library\vendor\phpmailer\phpmailer\language\phpmailer.lang-pt_br.php", "PHP", 27, 0, 0, 0, 0, 0, 0, 9, 3, 39
"c:\xampp\htdocs\mvc\app\library\vendor\phpmailer\phpmailer\language\phpmailer.lang-ro.php", "PHP", 27, 0, 0, 0, 0, 0, 0, 4, 3, 34
"c:\xampp\htdocs\mvc\app\library\vendor\phpmailer\phpmailer\language\phpmailer.lang-ru.php", "PHP", 20, 0, 0, 0, 0, 0, 0, 6, 3, 29
"c:\xampp\htdocs\mvc\app\library\vendor\phpmailer\phpmailer\language\phpmailer.lang-sk.php", "PHP", 22, 0, 0, 0, 0, 0, 0, 6, 3, 31
"c:\xampp\htdocs\mvc\app\library\vendor\phpmailer\phpmailer\language\phpmailer.lang-sl.php", "PHP", 27, 0, 0, 0, 0, 0, 0, 7, 3, 37
"c:\xampp\htdocs\mvc\app\library\vendor\phpmailer\phpmailer\language\phpmailer.lang-sr.php", "PHP", 20, 0, 0, 0, 0, 0, 0, 6, 3, 29
"c:\xampp\htdocs\mvc\app\library\vendor\phpmailer\phpmailer\language\phpmailer.lang-sr_latn.php", "PHP", 20, 0, 0, 0, 0, 0, 0, 6, 3, 29
"c:\xampp\htdocs\mvc\app\library\vendor\phpmailer\phpmailer\language\phpmailer.lang-sv.php", "PHP", 19, 0, 0, 0, 0, 0, 0, 6, 3, 28
"c:\xampp\htdocs\mvc\app\library\vendor\phpmailer\phpmailer\language\phpmailer.lang-tl.php", "PHP", 20, 0, 0, 0, 0, 0, 0, 6, 3, 29
"c:\xampp\htdocs\mvc\app\library\vendor\phpmailer\phpmailer\language\phpmailer.lang-tr.php", "PHP", 20, 0, 0, 0, 0, 0, 0, 9, 3, 32
"c:\xampp\htdocs\mvc\app\library\vendor\phpmailer\phpmailer\language\phpmailer.lang-uk.php", "PHP", 20, 0, 0, 0, 0, 0, 0, 6, 3, 29
"c:\xampp\htdocs\mvc\app\library\vendor\phpmailer\phpmailer\language\phpmailer.lang-vi.php", "PHP", 19, 0, 0, 0, 0, 0, 0, 6, 3, 28
"c:\xampp\htdocs\mvc\app\library\vendor\phpmailer\phpmailer\language\phpmailer.lang-zh.php", "PHP", 20, 0, 0, 0, 0, 0, 0, 7, 3, 30
"c:\xampp\htdocs\mvc\app\library\vendor\phpmailer\phpmailer\language\phpmailer.lang-zh_cn.php", "PHP", 20, 0, 0, 0, 0, 0, 0, 7, 3, 30
"c:\xampp\htdocs\mvc\app\library\vendor\phpmailer\phpmailer\src\Exception.php", "PHP", 9, 0, 0, 0, 0, 0, 0, 28, 4, 41
"c:\xampp\htdocs\mvc\app\library\vendor\phpmailer\phpmailer\src\OAuth.php", "PHP", 46, 0, 0, 0, 0, 0, 0, 79, 15, 140
"c:\xampp\htdocs\mvc\app\library\vendor\phpmailer\phpmailer\src\OAuthTokenProvider.php", "PHP", 6, 0, 0, 0, 0, 0, 0, 35, 4, 45
"c:\xampp\htdocs\mvc\app\library\vendor\phpmailer\phpmailer\src\PHPMailer.php", "PHP", 2839, 0, 0, 0, 0, 0, 0, 1870, 380, 5089
"c:\xampp\htdocs\mvc\app\library\vendor\phpmailer\phpmailer\src\POP3.php", "PHP", 178, 0, 0, 0, 0, 0, 0, 233, 52, 463
"c:\xampp\htdocs\mvc\app\library\vendor\phpmailer\phpmailer\src\SMTP.php", "PHP", 719, 0, 0, 0, 0, 0, 0, 599, 141, 1459
"Total", "-", 32223, 3339, 2, 991, 2146, 153, 21, 21484, 7696, 68055